1997,Animals & Animal Products,"[{'color': '#eecc88', 'label': 'Turkmenistan 1997 Import Partner Share ', 'value': 34845.311}, {'data': {'description': 'Trade Value($):13,931.49 </br> Share(%):     39.98'}, 'label': 'Germany', 'parent': 'Turkmenistan 1997 Import Partner Share ', 'value': 13931.486}, {'data': {'description': 'Trade Value($):9,448.34 </br> Share(%):     27.12'}, 'label': 'Ukraine', 'parent': 'Turkmenistan 1997 Import Partner Share ', 'value': 9448.335}, {'data': {'description': 'Trade Value($):5,234.45 </br> Share(%):     15.02'}, 'label': 'Netherlands', 'parent': 'Turkmenistan 1997 Import Partner Share ', 'value': 5234.453}, {'data': {'description': 'Trade Value($):1,247.29 </br> Share(%):      3.58'}, 'label': 'Kuwait', 'parent': 'Turkmenistan 1997 Import Partner Share ', 'value': 1247.291}, {'data': {'description': 'Trade Value($):992.73 </br> Share(%):      2.85'}, 'label': 'United Arab Emirates', 'parent': 'Turkmenistan 1997 Import Partner Share ', 'value': 992.73}, {'data': {'description': 'Trade Value($):3,991.02 </br> Share(%):     11.45'}, 'label': 'Others (18) partners', 'parent': 'Turkmenistan 1997 Import Partner Share ', 'value': 3991.016}]"
1997,Vegetable Products,"[{'color': '#eecc88', 'label': 'Turkmenistan 1997 Import Partner Share ', 'value': 190942.561}, {'data': {'description': 'Trade Value($):94,742.02 </br> Share(%):     49.62'}, 'label': 'Ukraine', 'parent': 'Turkmenistan 1997 Import Partner Share ', 'value': 94742.015}, {'data': {'description': 'Trade Value($):62,858.73 </br> Share(%):     32.92'}, 'label': 'Kazakhstan', 'parent': 'Turkmenistan 1997 Import Partner Share ', 'value': 62858.731}, {'data': {'description': 'Trade Value($):8,158.30 </br> Share(%):      4.27'}, 'label': 'Russian Federation', 'parent': 'Turkmenistan 1997 Import Partner Share ', 'value': 8158.302}, {'data': {'description': 'Trade Value($):6,524.14 </br> Share(%):      3.42'}, 'label': 'Georgia', 'parent': 'Turkmenistan 1997 Import Partner Share ', 'value': 6524.135}, {'data': {'description': 'Trade Value($):6,427.68 </br> Share(%):      3.37'}, 'label': 'Turkey', 'parent': 'Turkmenistan 1997 Import Partner Share ', 'value': 6427.679}, {'data': {'description': 'Trade Value($):12,231.70 </br> Share(%):      6.41'}, 'label': 'Others (28) partners', 'parent': 'Turkmenistan 1997 Import Partner Share ', 'value': 12231.699}]"
1997,"Prepared Foodstuffs; Beverages, Spirits, Vinegar, Tobacco and Manufactured Tobacco Substitutes","[{'color': '#eecc88', 'label': 'Turkmenistan 1997 Import Partner Share ', 'value': 69185.902}, {'data': {'description': 'Trade Value($):30,866.76 </br> Share(%):     44.61'}, 'label': 'Ukraine', 'parent': 'Turkmenistan 1997 Import Partner Share ', 'value': 30866.762}, {'data': {'description': 'Trade Value($):15,107.34 </br> Share(%):     21.84'}, 'label': 'Turkey', 'parent': 'Turkmenistan 1997 Import Partner Share ', 'value': 15107.34}, {'data': {'description': 'Trade Value($):3,217.77 </br> Share(%):      4.65'}, 'label': 'Netherlands', 'parent': 'Turkmenistan 1997 Import Partner Share ', 'value': 3217.765}, {'data': {'description': 'Trade Value($):2,614.19 </br> Share(%):      3.78'}, 'label': 'Ireland', 'parent': 'Turkmenistan 1997 Import Partner Share ', 'value': 2614.188}, {'data': {'description': 'Trade Value($):2,197.19 </br> Share(%):      3.18'}, 'label': 'Russian Federation', 'parent': 'Turkmenistan 1997 Import Partner Share ', 'value': 2197.191}, {'data': {'description': 'Trade Value($):15,182.66 </br> Share(%):     21.94'}, 'label': 'Others (32) partners', 'parent': 'Turkmenistan 1997 Import Partner Share ', 'value': 15182.656}]"
1997,Mineral Products,"[{'color': '#eecc88', 'label': 'Turkmenistan 1997 Import Partner Share ', 'value': 19388.037}, {'data': {'description': 'Trade Value($):9,846.13 </br> Share(%):     50.78'}, 'label': 'Uzbekistan', 'parent': 'Turkmenistan 1997 Import Partner Share ', 'value': 9846.126}, {'data': {'description': 'Trade Value($):3,417.15 </br> Share(%):     17.63'}, 'label': 'Kazakhstan', 'parent': 'Turkmenistan 1997 Import Partner Share ', 'value': 3417.153}, {'data': {'description': 'Trade Value($):1,541.47 </br> Share(%):      7.95'}, 'label': 'Iran, Islamic Rep.', 'parent': 'Turkmenistan 1997 Import Partner Share ', 'value': 1541.472}, {'data': {'description': 'Trade Value($):1,254.10 </br> Share(%):      6.47'}, 'label': 'Azerbaijan', 'parent': 'Turkmenistan 1997 Import Partner Share ', 'value': 1254.099}, {'data': {'description': 'Trade Value($):696.92 </br> Share(%):      3.59'}, 'label': 'Turkey', 'parent': 'Turkmenistan 1997 Import Partner Share ', 'value': 696.919}, {'data': {'description': 'Trade Value($):2,632.27 </br> Share(%):     13.58'}, 'label': 'Others (16) partners', 'parent': 'Turkmenistan 1997 Import Partner Share ', 'value': 2632.268}]"
1997,Products of the Chemical or Allied Industries,"[{'color': '#eecc88', 'label': 'Turkmenistan 1997 Import Partner Share ', 'value': 117067.072}, {'data': {'description': 'Trade Value($):31,143.12 </br> Share(%):     26.60'}, 'label': 'Russian Federation', 'parent': 'Turkmenistan 1997 Import Partner Share ', 'value': 31143.122}, {'data': {'description': 'Trade Value($):16,805.82 </br> Share(%):     14.36'}, 'label': 'Uzbekistan', 'parent': 'Turkmenistan 1997 Import Partner Share ', 'value': 16805.816}, {'data': {'description': 'Trade Value($):13,989.53 </br> Share(%):     11.95'}, 'label': 'Ukraine', 'parent': 'Turkmenistan 1997 Import Partner Share ', 'value': 13989.527}, {'data': {'description': 'Trade Value($):13,481.98 </br> Share(%):     11.52'}, 'label': 'Turkey', 'parent': 'Turkmenistan 1997 Import Partner Share ', 'value': 13481.984}, {'data': {'description': 'Trade Value($):8,681.95 </br> Share(%):      7.42'}, 'label': 'Germany', 'parent': 'Turkmenistan 1997 Import Partner Share ', 'value': 8681.945}, {'data': {'description': 'Trade Value($):32,964.68 </br> Share(%):     28.16'}, 'label': 'Others (42) partners', 'parent': 'Turkmenistan 1997 Import Partner Share ', 'value': 32964.678}]"
1997,Plastics and Articles thereof; Rubber and Articles thereof,"[{'color': '#eecc88', 'label': 'Turkmenistan 1997 Import Partner Share ', 'value': 40889.746999999996}, {'data': {'description': 'Trade Value($):11,963.52 </br> Share(%):     29.26'}, 'label': 'Ukraine', 'parent': 'Turkmenistan 1997 Import Partner Share ', 'value': 11963.516}, {'data': {'description': 'Trade Value($):9,281.18 </br> Share(%):     22.70'}, 'label': 'Turkey', 'parent': 'Turkmenistan 1997 Import Partner Share ', 'value': 9281.175}, {'data': {'description': 'Trade Value($):7,847.90 </br> Share(%):     19.19'}, 'label': 'Russian Federation', 'parent': 'Turkmenistan 1997 Import Partner Share ', 'value': 7847.901}, {'data': {'description': 'Trade Value($):2,198.05 </br> Share(%):      5.38'}, 'label': 'Armenia', 'parent': 'Turkmenistan 1997 Import Partner Share ', 'value': 2198.053}, {'data': {'description': 'Trade Value($):1,808.76 </br> Share(%):      4.42'}, 'label': 'United Arab Emirates', 'parent': 'Turkmenistan 1997 Import Partner Share ', 'value': 1808.757}, {'data': {'description': 'Trade Value($):7,790.35 </br> Share(%):     19.05'}, 'label': 'Others (37) partners', 'parent': 'Turkmenistan 1997 Import Partner Share ', 'value': 7790.345}]"
1997,"Raw Hides and Skins, Leather, Furskins, and Articles thereof; Saddlery and Harness; Travel Goods, Handbags, and Similar Containers; Articles of Animal Gut (Other than Silk-worm Gut)","[{'color': '#eecc88', 'label': 'Turkmenistan 1997 Import Partner Share ', 'value': 2504.8880000000004}, {'data': {'description': 'Trade Value($):1,557.49 </br> Share(%):     62.18'}, 'label': 'Turkey', 'parent': 'Turkmenistan 1997 Import Partner Share ', 'value': 1557.488}, {'data': {'description': 'Trade Value($):349.36 </br> Share(%):     13.95'}, 'label': 'Kyrgyz Republic', 'parent': 'Turkmenistan 1997 Import Partner Share ', 'value': 349.357}, {'data': {'description': 'Trade Value($):230.00 </br> Share(%):      9.18'}, 'label': 'India', 'parent': 'Turkmenistan 1997 Import Partner Share ', 'value': 230}, {'data': {'description': 'Trade Value($):91.12 </br> Share(%):      3.64'}, 'label': 'United Arab Emirates', 'parent': 'Turkmenistan 1997 Import Partner Share ', 'value': 91.117}, {'data': {'description': 'Trade Value($):84.47 </br> Share(%):      3.37'}, 'label': 'Russian Federation', 'parent': 'Turkmenistan 1997 Import Partner Share ', 'value': 84.468}, {'data': {'description': 'Trade Value($):192.46 </br> Share(%):      7.68'}, 'label': 'Others (11) partners', 'parent': 'Turkmenistan 1997 Import Partner Share ', 'value': 192.458}]"
1997,"Wood and Articles of Wood; Wood Charcoal; Cork and Articles of Cork; Manufactures of Straw, of Esparto or of Other Plaiting Materials; Basketware and Wickerwork","[{'color': '#eecc88', 'label': 'Turkmenistan 1997 Import Partner Share ', 'value': 24664.642}, {'data': {'description': 'Trade Value($):7,187.68 </br> Share(%):     29.14'}, 'label': 'Lithuania', 'parent': 'Turkmenistan 1997 Import Partner Share ', 'value': 7187.679}, {'data': {'description': 'Trade Value($):5,739.98 </br> Share(%):     23.27'}, 'label': 'Turkey', 'parent': 'Turkmenistan 1997 Import Partner Share ', 'value': 5739.975}, {'data': {'description': 'Trade Value($):4,253.01 </br> Share(%):     17.24'}, 'label': 'Ukraine', 'parent': 'Turkmenistan 1997 Import Partner Share ', 'value': 4253.006}, {'data': {'description': 'Trade Value($):3,267.29 </br> Share(%):     13.25'}, 'label': 'Russian Federation', 'parent': 'Turkmenistan 1997 Import Partner Share ', 'value': 3267.287}, {'data': {'description': 'Trade Value($):670.66 </br> Share(%):      2.72'}, 'label': 'Poland', 'parent': 'Turkmenistan 1997 Import Partner Share ', 'value': 670.657}, {'data': {'description': 'Trade Value($):3,546.04 </br> Share(%):     14.38'}, 'label': 'Others (32) partners', 'parent': 'Turkmenistan 1997 Import Partner Share ', 'value': 3546.038}]"
1997,Textiles and Textile Articles,"[{'color': '#eecc88', 'label': 'Turkmenistan 1997 Import Partner Share ', 'value': 30016.190000000002}, {'data': {'description': 'Trade Value($):6,381.46 </br> Share(%):     21.26'}, 'label': 'Ukraine', 'parent': 'Turkmenistan 1997 Import Partner Share ', 'value': 6381.46}, {'data': {'description': 'Trade Value($):4,407.09 </br> Share(%):     14.68'}, 'label': 'Turkey', 'parent': 'Turkmenistan 1997 Import Partner Share ', 'value': 4407.087}, {'data': {'description': 'Trade Value($):4,248.30 </br> Share(%):     14.15'}, 'label': 'Russian Federation', 'parent': 'Turkmenistan 1997 Import Partner Share ', 'value': 4248.302}, {'data': {'description': 'Trade Value($):2,075.34 </br> Share(%):      6.91'}, 'label': 'India', 'parent': 'Turkmenistan 1997 Import Partner Share ', 'value': 2075.338}, {'data': {'description': 'Trade Value($):1,660.75 </br> Share(%):      5.53'}, 'label': 'Germany', 'parent': 'Turkmenistan 1997 Import Partner Share ', 'value': 1660.754}, {'data': {'description': 'Trade Value($):11,243.25 </br> Share(%):     37.46'}, 'label': 'Others (32) partners', 'parent': 'Turkmenistan 1997 Import Partner Share ', 'value': 11243.249}]"
1997,"Footwear, Headgear, Umbrellas, Sun Umbrellas, Walking-sticks, Seat-sticks, Whips, Riding-crops, and Parts thereof; Prepared Feathers and Articles Made therewith; Artificial Flowers; Articles of Human Hair","[{'color': '#eecc88', 'label': 'Turkmenistan 1997 Import Partner Share ', 'value': 9884.744999999999}, {'data': {'description': 'Trade Value($):2,878.22 </br> Share(%):     29.12'}, 'label': 'Russian Federation', 'parent': 'Turkmenistan 1997 Import Partner Share ', 'value': 2878.223}, {'data': {'description': 'Trade Value($):2,059.72 </br> Share(%):     20.84'}, 'label': 'Ukraine', 'parent': 'Turkmenistan 1997 Import Partner Share ', 'value': 2059.719}, {'data': {'description': 'Trade Value($):1,713.29 </br> Share(%):     17.33'}, 'label': 'Turkey', 'parent': 'Turkmenistan 1997 Import Partner Share ', 'value': 1713.285}, {'data': {'description': 'Trade Value($):659.43 </br> Share(%):      6.67'}, 'label': 'Uzbekistan', 'parent': 'Turkmenistan 1997 Import Partner Share ', 'value': 659.425}, {'data': {'description': 'Trade Value($):636.79 </br> Share(%):      6.44'}, 'label': 'Armenia', 'parent': 'Turkmenistan 1997 Import Partner Share ', 'value': 636.785}, {'data': {'description': 'Trade Value($):1,937.31 </br> Share(%):     19.60'}, 'label': 'Others (19) partners', 'parent': 'Turkmenistan 1997 Import Partner Share ', 'value': 1937.308}]"
1997,"Articles of Stone, Plaster, Cement, Asbestos, Mica or Similar Materials; Ceramic Products; Glass and Glassware","[{'color': '#eecc88', 'label': 'Turkmenistan 1997 Import Partner Share ', 'value': 31605.817000000003}, {'data': {'description': 'Trade Value($):10,819.43 </br> Share(%):     34.23'}, 'label': 'Turkey', 'parent': 'Turkmenistan 1997 Import Partner Share ', 'value': 10819.427}, {'data': {'description': 'Trade Value($):5,187.33 </br> Share(%):     16.41'}, 'label': 'Armenia', 'parent': 'Turkmenistan 1997 Import Partner Share ', 'value': 5187.327}, {'data': {'description': 'Trade Value($):3,049.14 </br> Share(%):      9.65'}, 'label': 'Ukraine', 'parent': 'Turkmenistan 1997 Import Partner Share ', 'value': 3049.139}, {'data': {'description': 'Trade Value($):2,133.15 </br> Share(%):      6.75'}, 'label': 'Sweden', 'parent': 'Turkmenistan 1997 Import Partner Share ', 'value': 2133.15}, {'data': {'description': 'Trade Value($):1,815.67 </br> Share(%):      5.74'}, 'label': 'Italy', 'parent': 'Turkmenistan 1997 Import Partner Share ', 'value': 1815.67}, {'data': {'description': 'Trade Value($):8,601.10 </br> Share(%):     27.21'}, 'label': 'Others (28) partners', 'parent': 'Turkmenistan 1997 Import Partner Share ', 'value': 8601.104}]"
1997,"Natural or Cultured Pearls, Precious or Semi-precious Stones, Precious Metals, Metals Clad with Precious Metal, and Articles thereof; Imitation Jewellery; Coin","[{'color': '#eecc88', 'label': 'Turkmenistan 1997 Import Partner Share ', 'value': 20586.578999999998}, {'data': {'description': 'Trade Value($):8,289.11 </br> Share(%):     40.26'}, 'label': 'Tajikistan', 'parent': 'Turkmenistan 1997 Import Partner Share ', 'value': 8289.11}, {'data': {'description': 'Trade Value($):2,625.44 </br> Share(%):     12.75'}, 'label': 'Kazakhstan', 'parent': 'Turkmenistan 1997 Import Partner Share ', 'value': 2625.439}, {'data': {'description': 'Trade Value($):2,511.06 </br> Share(%):     12.20'}, 'label': 'Turkey', 'parent': 'Turkmenistan 1997 Import Partner Share ', 'value': 2511.059}, {'data': {'description': 'Trade Value($):1,240.60 </br> Share(%):      6.03'}, 'label': 'Azerbaijan', 'parent': 'Turkmenistan 1997 Import Partner Share ', 'value': 1240.599}, {'data': {'description': 'Trade Value($):1,110.81 </br> Share(%):      5.40'}, 'label': 'Russian Federation', 'parent': 'Turkmenistan 1997 Import Partner Share ', 'value': 1110.81}, {'data': {'description': 'Trade Value($):4,809.56 </br> Share(%):     23.36'}, 'label': 'Others (20) partners', 'parent': 'Turkmenistan 1997 Import Partner Share ', 'value': 4809.562}]"
1997,Base Metals and Articles of Base Metal,"[{'color': '#eecc88', 'label': 'Turkmenistan 1997 Import Partner Share ', 'value': 118433.53700000001}, {'data': {'description': 'Trade Value($):56,819.03 </br> Share(%):     47.98'}, 'label': 'Ukraine', 'parent': 'Turkmenistan 1997 Import Partner Share ', 'value': 56819.025}, {'data': {'description': 'Trade Value($):12,602.21 </br> Share(%):     10.64'}, 'label': 'Turkey', 'parent': 'Turkmenistan 1997 Import Partner Share ', 'value': 12602.208}, {'data': {'description': 'Trade Value($):9,253.18 </br> Share(%):      7.81'}, 'label': 'Russian Federation', 'parent': 'Turkmenistan 1997 Import Partner Share ', 'value': 9253.175}, {'data': {'description': 'Trade Value($):8,280.61 </br> Share(%):      6.99'}, 'label': 'Tajikistan', 'parent': 'Turkmenistan 1997 Import Partner Share ', 'value': 8280.613}, {'data': {'description': 'Trade Value($):6,922.48 </br> Share(%):      5.85'}, 'label': 'United Arab Emirates', 'parent': 'Turkmenistan 1997 Import Partner Share ', 'value': 6922.477}, {'data': {'description': 'Trade Value($):24,556.04 </br> Share(%):     20.73'}, 'label': 'Others (39) partners', 'parent': 'Turkmenistan 1997 Import Partner Share ', 'value': 24556.039}]"
1997,"Machinery and Mechanical Appliances; Electrical Equipment; Parts thereof; Sound Recorders and Reproducers, Television Image and Sound Recorders and Reproducers, and Parts and Accessories of such Articles","[{'color': '#eecc88', 'label': 'Turkmenistan 1997 Import Partner Share ', 'value': 321208.533}, {'data': {'description': 'Trade Value($):59,689.55 </br> Share(%):     18.58'}, 'label': 'Turkey', 'parent': 'Turkmenistan 1997 Import Partner Share ', 'value': 59689.55}, {'data': {'description': 'Trade Value($):52,274.90 </br> Share(%):     16.27'}, 'label': 'United States', 'parent': 'Turkmenistan 1997 Import Partner Share ', 'value': 52274.897}, {'data': {'description': 'Trade Value($):44,400.70 </br> Share(%):     13.82'}, 'label': 'Ukraine', 'parent': 'Turkmenistan 1997 Import Partner Share ', 'value': 44400.696}, {'data': {'description': 'Trade Value($):42,636.35 </br> Share(%):     13.27'}, 'label': 'Russian Federation', 'parent': 'Turkmenistan 1997 Import Partner Share ', 'value': 42636.354}, {'data': {'description': 'Trade Value($):21,450.53 </br> Share(%):      6.68'}, 'label': 'Iran, Islamic Rep.', 'parent': 'Turkmenistan 1997 Import Partner Share ', 'value': 21450.529}, {'data': {'description': 'Trade Value($):100,756.51 </br> Share(%):     31.37'}, 'label': 'Others (44) partners', 'parent': 'Turkmenistan 1997 Import Partner Share ', 'value': 100756.507}]"
1997,"Vehicles, Aircraft, Vessels, and Associated Transport Equipment","[{'color': '#eecc88', 'label': 'Turkmenistan 1997 Import Partner Share ', 'value': 104834.05600000001}, {'data': {'description': 'Trade Value($):41,250.72 </br> Share(%):     39.35'}, 'label': 'Russian Federation', 'parent': 'Turkmenistan 1997 Import Partner Share ', 'value': 41250.723}, {'data': {'description': 'Trade Value($):29,189.13 </br> Share(%):     27.84'}, 'label': 'United States', 'parent': 'Turkmenistan 1997 Import Partner Share ', 'value': 29189.127}, {'data': {'description': 'Trade Value($):5,669.04 </br> Share(%):      5.41'}, 'label': 'Turkey', 'parent': 'Turkmenistan 1997 Import Partner Share ', 'value': 5669.039}, {'data': {'description': 'Trade Value($):5,508.68 </br> Share(%):      5.25'}, 'label': 'Germany', 'parent': 'Turkmenistan 1997 Import Partner Share ', 'value': 5508.681}, {'data': {'description': 'Trade Value($):3,833.05 </br> Share(%):      3.66'}, 'label': 'Belgium-Luxembourg', 'parent': 'Turkmenistan 1997 Import Partner Share ', 'value': 3833.052}, {'data': {'description': 'Trade Value($):19,383.43 </br> Share(%):     18.49'}, 'label': 'Others (33) partners', 'parent': 'Turkmenistan 1997 Import Partner Share ', 'value': 19383.434}]"
1997,"Optical, Photographic, Cinematographic, Measuring, Checking, Precision, Medical or Surgical Instruments and Apparatus; Clocks and Watches; Musical Instruments; Parts and Accessories thereof","[{'color': '#eecc88', 'label': 'Turkmenistan 1997 Import Partner Share ', 'value': 834163.875}, {'data': {'description': 'Trade Value($):147,366.00 </br> Share(%):     17.67'}, 'label': 'Ukraine', 'parent': 'Turkmenistan 1997 Import Partner Share ', 'value': 147365.999}, {'data': {'description': 'Trade Value($):142,407.04 </br> Share(%):     17.07'}, 'label': 'Russian Federation', 'parent': 'Turkmenistan 1997 Import Partner Share ', 'value': 142407.038}, {'data': {'description': 'Trade Value($):129,285.31 </br> Share(%):     15.50'}, 'label': 'Turkey', 'parent': 'Turkmenistan 1997 Import Partner Share ', 'value': 129285.306}, {'data': {'description': 'Trade Value($):85,754.05 </br> Share(%):     10.28'}, 'label': 'United States', 'parent': 'Turkmenistan 1997 Import Partner Share ', 'value': 85754.045}, {'data': {'description': 'Trade Value($):39,338.31 </br> Share(%):      4.72'}, 'label': 'United Arab Emirates', 'parent': 'Turkmenistan 1997 Import Partner Share ', 'value': 39338.31}, {'data': {'description': 'Trade Value($):290,013.18 </br> Share(%):     34.77'}, 'label': 'Others (49) partners', 'parent': 'Turkmenistan 1997 Import Partner Share ', 'value': 290013.177}]"
1997,Miscellaneous Manufactured Articles,"[{'color': '#eecc88', 'label': 'Turkmenistan 1997 Import Partner Share ', 'value': 36320.681}, {'data': {'description': 'Trade Value($):7,273.06 </br> Share(%):     20.02'}, 'label': 'United Arab Emirates', 'parent': 'Turkmenistan 1997 Import Partner Share ', 'value': 7273.055}, {'data': {'description': 'Trade Value($):6,170.42 </br> Share(%):     16.99'}, 'label': 'Turkey', 'parent': 'Turkmenistan 1997 Import Partner Share ', 'value': 6170.42}, {'data': {'description': 'Trade Value($):5,513.45 </br> Share(%):     15.18'}, 'label': 'Russian Federation', 'parent': 'Turkmenistan 1997 Import Partner Share ', 'value': 5513.449}, {'data': {'description': 'Trade Value($):4,662.77 </br> Share(%):     12.84'}, 'label': 'Germany', 'parent': 'Turkmenistan 1997 Import Partner Share ', 'value': 4662.771}, {'data': {'description': 'Trade Value($):2,809.50 </br> Share(%):      7.74'}, 'label': 'Ukraine', 'parent': 'Turkmenistan 1997 Import Partner Share ', 'value': 2809.495}, {'data': {'description': 'Trade Value($):9,891.49 </br> Share(%):     27.23'}, 'label': 'Others (39) partners', 'parent': 'Turkmenistan 1997 Import Partner Share ', 'value': 9891.491}]"
1989,Animals & Animal Products,"[{'color': '#eecc88', 'label': 'Turkmenistan 1989 Import Partner Share ', 'value': None}]"
1989,Vegetable Products,"[{'color': '#eecc88', 'label': 'Turkmenistan 1989 Import Partner Share ', 'value': None}]"
1989,"Prepared Foodstuffs; Beverages, Spirits, Vinegar, Tobacco and Manufactured Tobacco Substitutes","[{'color': '#eecc88', 'label': 'Turkmenistan 1989 Import Partner Share ', 'value': None}]"
1989,Mineral Products,"[{'color': '#eecc88', 'label': 'Turkmenistan 1989 Import Partner Share ', 'value': None}]"
1989,Products of the Chemical or Allied Industries,"[{'color': '#eecc88', 'label': 'Turkmenistan 1989 Import Partner Share ', 'value': None}]"
1989,Plastics and Articles thereof; Rubber and Articles thereof,"[{'color': '#eecc88', 'label': 'Turkmenistan 1989 Import Partner Share ', 'value': None}]"
1989,"Raw Hides and Skins, Leather, Furskins, and Articles thereof; Saddlery and Harness; Travel Goods, Handbags, and Similar Containers; Articles of Animal Gut (Other than Silk-worm Gut)","[{'color': '#eecc88', 'label': 'Turkmenistan 1989 Import Partner Share ', 'value': None}]"
1989,"Wood and Articles of Wood; Wood Charcoal; Cork and Articles of Cork; Manufactures of Straw, of Esparto or of Other Plaiting Materials; Basketware and Wickerwork","[{'color': '#eecc88', 'label': 'Turkmenistan 1989 Import Partner Share ', 'value': None}]"
1989,Textiles and Textile Articles,"[{'color': '#eecc88', 'label': 'Turkmenistan 1989 Import Partner Share ', 'value': None}]"
1989,"Footwear, Headgear, Umbrellas, Sun Umbrellas, Walking-sticks, Seat-sticks, Whips, Riding-crops, and Parts thereof; Prepared Feathers and Articles Made therewith; Artificial Flowers; Articles of Human Hair","[{'color': '#eecc88', 'label': 'Turkmenistan 1989 Import Partner Share ', 'value': None}]"
1989,"Articles of Stone, Plaster, Cement, Asbestos, Mica or Similar Materials; Ceramic Products; Glass and Glassware","[{'color': '#eecc88', 'label': 'Turkmenistan 1989 Import Partner Share ', 'value': None}]"
1989,"Natural or Cultured Pearls, Precious or Semi-precious Stones, Precious Metals, Metals Clad with Precious Metal, and Articles thereof; Imitation Jewellery; Coin","[{'color': '#eecc88', 'label': 'Turkmenistan 1989 Import Partner Share ', 'value': None}]"
1989,Base Metals and Articles of Base Metal,"[{'color': '#eecc88', 'label': 'Turkmenistan 1989 Import Partner Share ', 'value': None}]"
1989,"Machinery and Mechanical Appliances; Electrical Equipment; Parts thereof; Sound Recorders and Reproducers, Television Image and Sound Recorders and Reproducers, and Parts and Accessories of such Articles","[{'color': '#eecc88', 'label': 'Turkmenistan 1989 Import Partner Share ', 'value': None}]"
1989,"Vehicles, Aircraft, Vessels, and Associated Transport Equipment","[{'color': '#eecc88', 'label': 'Turkmenistan 1989 Import Partner Share ', 'value': None}]"
1989,"Optical, Photographic, Cinematographic, Measuring, Checking, Precision, Medical or Surgical Instruments and Apparatus; Clocks and Watches; Musical Instruments; Parts and Accessories thereof","[{'color': '#eecc88', 'label': 'Turkmenistan 1989 Import Partner Share ', 'value': None}]"
1989,Miscellaneous Manufactured Articles,"[{'color': '#eecc88', 'label': 'Turkmenistan 1989 Import Partner Share ', 'value': None}]"
1999,Animals & Animal Products,"[{'color': '#eecc88', 'label': 'Turkmenistan 1999 Import Partner Share ', 'value': 32306.400999999998}, {'data': {'description': 'Trade Value($):11,720.88 </br> Share(%):     36.28'}, 'label': 'United Arab Emirates', 'parent': 'Turkmenistan 1999 Import Partner Share ', 'value': 11720.877}, {'data': {'description': 'Trade Value($):4,268.78 </br> Share(%):     13.21'}, 'label': 'Germany', 'parent': 'Turkmenistan 1999 Import Partner Share ', 'value': 4268.779}, {'data': {'description': 'Trade Value($):3,361.29 </br> Share(%):     10.40'}, 'label': 'United States', 'parent': 'Turkmenistan 1999 Import Partner Share ', 'value': 3361.288}, {'data': {'description': 'Trade Value($):2,059.07 </br> Share(%):      6.37'}, 'label': 'Finland', 'parent': 'Turkmenistan 1999 Import Partner Share ', 'value': 2059.072}, {'data': {'description': 'Trade Value($):1,245.71 </br> Share(%):      3.86'}, 'label': 'Turkey', 'parent': 'Turkmenistan 1999 Import Partner Share ', 'value': 1245.708}, {'data': {'description': 'Trade Value($):9,650.68 </br> Share(%):     29.87'}, 'label': 'Others (27) partners', 'parent': 'Turkmenistan 1999 Import Partner Share ', 'value': 9650.677}]"
1999,Vegetable Products,"[{'color': '#eecc88', 'label': 'Turkmenistan 1999 Import Partner Share ', 'value': 54442.143}, {'data': {'description': 'Trade Value($):12,837.80 </br> Share(%):     23.58'}, 'label': 'Iran, Islamic Rep.', 'parent': 'Turkmenistan 1999 Import Partner Share ', 'value': 12837.795}, {'data': {'description': 'Trade Value($):9,906.00 </br> Share(%):     18.20'}, 'label': 'United Arab Emirates', 'parent': 'Turkmenistan 1999 Import Partner Share ', 'value': 9906}, {'data': {'description': 'Trade Value($):7,814.76 </br> Share(%):     14.35'}, 'label': 'Ukraine', 'parent': 'Turkmenistan 1999 Import Partner Share ', 'value': 7814.762}, {'data': {'description': 'Trade Value($):6,780.19 </br> Share(%):     12.45'}, 'label': 'Turkey', 'parent': 'Turkmenistan 1999 Import Partner Share ', 'value': 6780.192}, {'data': {'description': 'Trade Value($):4,555.06 </br> Share(%):      8.37'}, 'label': 'China', 'parent': 'Turkmenistan 1999 Import Partner Share ', 'value': 4555.063}, {'data': {'description': 'Trade Value($):12,548.33 </br> Share(%):     23.05'}, 'label': 'Others (33) partners', 'parent': 'Turkmenistan 1999 Import Partner Share ', 'value': 12548.331}]"
1999,"Prepared Foodstuffs; Beverages, Spirits, Vinegar, Tobacco and Manufactured Tobacco Substitutes","[{'color': '#eecc88', 'label': 'Turkmenistan 1999 Import Partner Share ', 'value': 196599.206}, {'data': {'description': 'Trade Value($):91,698.30 </br> Share(%):     46.64'}, 'label': 'Turkey', 'parent': 'Turkmenistan 1999 Import Partner Share ', 'value': 91698.303}, {'data': {'description': 'Trade Value($):26,924.12 </br> Share(%):     13.69'}, 'label': 'United Arab Emirates', 'parent': 'Turkmenistan 1999 Import Partner Share ', 'value': 26924.115}, {'data': {'description': 'Trade Value($):21,540.17 </br> Share(%):     10.96'}, 'label': 'Iran, Islamic Rep.', 'parent': 'Turkmenistan 1999 Import Partner Share ', 'value': 21540.174}, {'data': {'description': 'Trade Value($):16,556.08 </br> Share(%):      8.42'}, 'label': 'Ukraine', 'parent': 'Turkmenistan 1999 Import Partner Share ', 'value': 16556.076}, {'data': {'description': 'Trade Value($):7,460.66 </br> Share(%):      3.79'}, 'label': 'Germany', 'parent': 'Turkmenistan 1999 Import Partner Share ', 'value': 7460.658}, {'data': {'description': 'Trade Value($):32,419.88 </br> Share(%):     16.49'}, 'label': 'Others (37) partners', 'parent': 'Turkmenistan 1999 Import Partner Share ', 'value': 32419.88}]"
1999,Mineral Products,"[{'color': '#eecc88', 'label': 'Turkmenistan 1999 Import Partner Share ', 'value': 6995.276}, {'data': {'description': 'Trade Value($):2,557.20 </br> Share(%):     36.56'}, 'label': 'Uzbekistan', 'parent': 'Turkmenistan 1999 Import Partner Share ', 'value': 2557.203}, {'data': {'description': 'Trade Value($):1,035.86 </br> Share(%):     14.81'}, 'label': 'Kazakhstan', 'parent': 'Turkmenistan 1999 Import Partner Share ', 'value': 1035.855}, {'data': {'description': 'Trade Value($):720.52 </br> Share(%):     10.30'}, 'label': 'Iran, Islamic Rep.', 'parent': 'Turkmenistan 1999 Import Partner Share ', 'value': 720.516}, {'data': {'description': 'Trade Value($):628.74 </br> Share(%):      8.99'}, 'label': 'Anguila', 'parent': 'Turkmenistan 1999 Import Partner Share ', 'value': 628.739}, {'data': {'description': 'Trade Value($):564.47 </br> Share(%):      8.07'}, 'label': 'Turkey', 'parent': 'Turkmenistan 1999 Import Partner Share ', 'value': 564.467}, {'data': {'description': 'Trade Value($):1,488.50 </br> Share(%):     21.28'}, 'label': 'Others (9) partners', 'parent': 'Turkmenistan 1999 Import Partner Share ', 'value': 1488.496}]"
1999,Products of the Chemical or Allied Industries,"[{'color': '#eecc88', 'label': 'Turkmenistan 1999 Import Partner Share ', 'value': 136289.406}, {'data': {'description': 'Trade Value($):28,234.14 </br> Share(%):     20.72'}, 'label': 'Turkey', 'parent': 'Turkmenistan 1999 Import Partner Share ', 'value': 28234.136}, {'data': {'description': 'Trade Value($):22,757.55 </br> Share(%):     16.70'}, 'label': 'Russian Federation', 'parent': 'Turkmenistan 1999 Import Partner Share ', 'value': 22757.549}, {'data': {'description': 'Trade Value($):18,897.34 </br> Share(%):     13.87'}, 'label': 'Uzbekistan', 'parent': 'Turkmenistan 1999 Import Partner Share ', 'value': 18897.341}, {'data': {'description': 'Trade Value($):9,836.89 </br> Share(%):      7.22'}, 'label': 'Ukraine', 'parent': 'Turkmenistan 1999 Import Partner Share ', 'value': 9836.893}, {'data': {'description': 'Trade Value($):9,555.52 </br> Share(%):      7.01'}, 'label': 'United Arab Emirates', 'parent': 'Turkmenistan 1999 Import Partner Share ', 'value': 9555.517}, {'data': {'description': 'Trade Value($):47,007.97 </br> Share(%):     34.49'}, 'label': 'Others (44) partners', 'parent': 'Turkmenistan 1999 Import Partner Share ', 'value': 47007.97}]"
1999,Plastics and Articles thereof; Rubber and Articles thereof,"[{'color': '#eecc88', 'label': 'Turkmenistan 1999 Import Partner Share ', 'value': 49265.408}, {'data': {'description': 'Trade Value($):11,408.34 </br> Share(%):     23.16'}, 'label': 'Ukraine', 'parent': 'Turkmenistan 1999 Import Partner Share ', 'value': 11408.339}, {'data': {'description': 'Trade Value($):9,870.97 </br> Share(%):     20.04'}, 'label': 'Turkey', 'parent': 'Turkmenistan 1999 Import Partner Share ', 'value': 9870.965}, {'data': {'description': 'Trade Value($):8,542.68 </br> Share(%):     17.34'}, 'label': 'Russian Federation', 'parent': 'Turkmenistan 1999 Import Partner Share ', 'value': 8542.678}, {'data': {'description': 'Trade Value($):3,548.13 </br> Share(%):      7.20'}, 'label': 'Iran, Islamic Rep.', 'parent': 'Turkmenistan 1999 Import Partner Share ', 'value': 3548.134}, {'data': {'description': 'Trade Value($):2,480.58 </br> Share(%):      5.04'}, 'label': 'United Arab Emirates', 'parent': 'Turkmenistan 1999 Import Partner Share ', 'value': 2480.583}, {'data': {'description': 'Trade Value($):13,414.71 </br> Share(%):     27.23'}, 'label': 'Others (37) partners', 'parent': 'Turkmenistan 1999 Import Partner Share ', 'value': 13414.709}]"
1999,"Raw Hides and Skins, Leather, Furskins, and Articles thereof; Saddlery and Harness; Travel Goods, Handbags, and Similar Containers; Articles of Animal Gut (Other than Silk-worm Gut)","[{'color': '#eecc88', 'label': 'Turkmenistan 1999 Import Partner Share ', 'value': 4498.4529999999995}, {'data': {'description': 'Trade Value($):2,420.75 </br> Share(%):     53.81'}, 'label': 'United States', 'parent': 'Turkmenistan 1999 Import Partner Share ', 'value': 2420.749}, {'data': {'description': 'Trade Value($):1,176.32 </br> Share(%):     26.15'}, 'label': 'Turkey', 'parent': 'Turkmenistan 1999 Import Partner Share ', 'value': 1176.32}, {'data': {'description': 'Trade Value($):322.09 </br> Share(%):      7.16'}, 'label': 'Pakistan', 'parent': 'Turkmenistan 1999 Import Partner Share ', 'value': 322.093}, {'data': {'description': 'Trade Value($):303.47 </br> Share(%):      6.75'}, 'label': 'Russian Federation', 'parent': 'Turkmenistan 1999 Import Partner Share ', 'value': 303.474}, {'data': {'description': 'Trade Value($):121.61 </br> Share(%):      2.70'}, 'label': 'United Arab Emirates', 'parent': 'Turkmenistan 1999 Import Partner Share ', 'value': 121.607}, {'data': {'description': 'Trade Value($):154.21 </br> Share(%):      3.43'}, 'label': 'Others (12) partners', 'parent': 'Turkmenistan 1999 Import Partner Share ', 'value': 154.21}]"
1999,"Wood and Articles of Wood; Wood Charcoal; Cork and Articles of Cork; Manufactures of Straw, of Esparto or of Other Plaiting Materials; Basketware and Wickerwork","[{'color': '#eecc88', 'label': 'Turkmenistan 1999 Import Partner Share ', 'value': 40482.174999999996}, {'data': {'description': 'Trade Value($):15,504.79 </br> Share(%):     38.30'}, 'label': 'United Arab Emirates', 'parent': 'Turkmenistan 1999 Import Partner Share ', 'value': 15504.791}, {'data': {'description': 'Trade Value($):10,456.97 </br> Share(%):     25.83'}, 'label': 'Turkey', 'parent': 'Turkmenistan 1999 Import Partner Share ', 'value': 10456.974}, {'data': {'description': 'Trade Value($):8,157.47 </br> Share(%):     20.15'}, 'label': 'Russian Federation', 'parent': 'Turkmenistan 1999 Import Partner Share ', 'value': 8157.466}, {'data': {'description': 'Trade Value($):2,067.61 </br> Share(%):      5.11'}, 'label': 'Iran, Islamic Rep.', 'parent': 'Turkmenistan 1999 Import Partner Share ', 'value': 2067.611}, {'data': {'description': 'Trade Value($):1,269.49 </br> Share(%):      3.14'}, 'label': 'Ukraine', 'parent': 'Turkmenistan 1999 Import Partner Share ', 'value': 1269.485}, {'data': {'description': 'Trade Value($):3,025.85 </br> Share(%):      7.47'}, 'label': 'Others (28) partners', 'parent': 'Turkmenistan 1999 Import Partner Share ', 'value': 3025.848}]"
1999,Textiles and Textile Articles,"[{'color': '#eecc88', 'label': 'Turkmenistan 1999 Import Partner Share ', 'value': 35337.147999999994}, {'data': {'description': 'Trade Value($):11,475.16 </br> Share(%):     32.47'}, 'label': 'Turkey', 'parent': 'Turkmenistan 1999 Import Partner Share ', 'value': 11475.157}, {'data': {'description': 'Trade Value($):10,996.94 </br> Share(%):     31.12'}, 'label': 'United Arab Emirates', 'parent': 'Turkmenistan 1999 Import Partner Share ', 'value': 10996.939}, {'data': {'description': 'Trade Value($):2,593.12 </br> Share(%):      7.34'}, 'label': 'Russian Federation', 'parent': 'Turkmenistan 1999 Import Partner Share ', 'value': 2593.119}, {'data': {'description': 'Trade Value($):2,205.25 </br> Share(%):      6.24'}, 'label': 'China', 'parent': 'Turkmenistan 1999 Import Partner Share ', 'value': 2205.251}, {'data': {'description': 'Trade Value($):1,442.79 </br> Share(%):      4.08'}, 'label': 'Iran, Islamic Rep.', 'parent': 'Turkmenistan 1999 Import Partner Share ', 'value': 1442.785}, {'data': {'description': 'Trade Value($):6,623.90 </br> Share(%):     18.74'}, 'label': 'Others (31) partners', 'parent': 'Turkmenistan 1999 Import Partner Share ', 'value': 6623.897}]"
1999,"Footwear, Headgear, Umbrellas, Sun Umbrellas, Walking-sticks, Seat-sticks, Whips, Riding-crops, and Parts thereof; Prepared Feathers and Articles Made therewith; Artificial Flowers; Articles of Human Hair","[{'color': '#eecc88', 'label': 'Turkmenistan 1999 Import Partner Share ', 'value': 5300.0199999999995}, {'data': {'description': 'Trade Value($):1,233.14 </br> Share(%):     23.27'}, 'label': 'Russian Federation', 'parent': 'Turkmenistan 1999 Import Partner Share ', 'value': 1233.137}, {'data': {'description': 'Trade Value($):1,222.20 </br> Share(%):     23.06'}, 'label': 'Turkey', 'parent': 'Turkmenistan 1999 Import Partner Share ', 'value': 1222.202}, {'data': {'description': 'Trade Value($):728.90 </br> Share(%):     13.75'}, 'label': 'Ukraine', 'parent': 'Turkmenistan 1999 Import Partner Share ', 'value': 728.9}, {'data': {'description': 'Trade Value($):545.54 </br> Share(%):     10.29'}, 'label': 'Pakistan', 'parent': 'Turkmenistan 1999 Import Partner Share ', 'value': 545.537}, {'data': {'description': 'Trade Value($):393.11 </br> Share(%):      7.42'}, 'label': 'United Arab Emirates', 'parent': 'Turkmenistan 1999 Import Partner Share ', 'value': 393.107}, {'data': {'description': 'Trade Value($):1,177.14 </br> Share(%):     22.21'}, 'label': 'Others (19) partners', 'parent': 'Turkmenistan 1999 Import Partner Share ', 'value': 1177.137}]"
1999,"Articles of Stone, Plaster, Cement, Asbestos, Mica or Similar Materials; Ceramic Products; Glass and Glassware","[{'color': '#eecc88', 'label': 'Turkmenistan 1999 Import Partner Share ', 'value': 31225.586000000003}, {'data': {'description': 'Trade Value($):10,962.05 </br> Share(%):     35.11'}, 'label': 'Turkey', 'parent': 'Turkmenistan 1999 Import Partner Share ', 'value': 10962.045}, {'data': {'description': 'Trade Value($):6,231.61 </br> Share(%):     19.96'}, 'label': 'Iran, Islamic Rep.', 'parent': 'Turkmenistan 1999 Import Partner Share ', 'value': 6231.613}, {'data': {'description': 'Trade Value($):2,559.61 </br> Share(%):      8.20'}, 'label': 'Italy', 'parent': 'Turkmenistan 1999 Import Partner Share ', 'value': 2559.606}, {'data': {'description': 'Trade Value($):2,522.18 </br> Share(%):      8.08'}, 'label': 'France', 'parent': 'Turkmenistan 1999 Import Partner Share ', 'value': 2522.179}, {'data': {'description': 'Trade Value($):1,534.40 </br> Share(%):      4.91'}, 'label': 'Russian Federation', 'parent': 'Turkmenistan 1999 Import Partner Share ', 'value': 1534.4}, {'data': {'description': 'Trade Value($):7,415.74 </br> Share(%):     23.75'}, 'label': 'Others (30) partners', 'parent': 'Turkmenistan 1999 Import Partner Share ', 'value': 7415.743}]"
1999,"Natural or Cultured Pearls, Precious or Semi-precious Stones, Precious Metals, Metals Clad with Precious Metal, and Articles thereof; Imitation Jewellery; Coin","[{'color': '#eecc88', 'label': 'Turkmenistan 1999 Import Partner Share ', 'value': 8076.812}, {'data': {'description': 'Trade Value($):2,043.04 </br> Share(%):     25.30'}, 'label': 'Turkey', 'parent': 'Turkmenistan 1999 Import Partner Share ', 'value': 2043.042}, {'data': {'description': 'Trade Value($):1,043.59 </br> Share(%):     12.92'}, 'label': 'Kazakhstan', 'parent': 'Turkmenistan 1999 Import Partner Share ', 'value': 1043.594}, {'data': {'description': 'Trade Value($):820.57 </br> Share(%):     10.16'}, 'label': 'Uzbekistan', 'parent': 'Turkmenistan 1999 Import Partner Share ', 'value': 820.574}, {'data': {'description': 'Trade Value($):818.25 </br> Share(%):     10.13'}, 'label': 'France', 'parent': 'Turkmenistan 1999 Import Partner Share ', 'value': 818.252}, {'data': {'description': 'Trade Value($):814.49 </br> Share(%):     10.08'}, 'label': 'Russian Federation', 'parent': 'Turkmenistan 1999 Import Partner Share ', 'value': 814.488}, {'data': {'description': 'Trade Value($):2,536.86 </br> Share(%):     31.41'}, 'label': 'Others (19) partners', 'parent': 'Turkmenistan 1999 Import Partner Share ', 'value': 2536.862}]"
1999,Base Metals and Articles of Base Metal,"[{'color': '#eecc88', 'label': 'Turkmenistan 1999 Import Partner Share ', 'value': 187626.21000000002}, {'data': {'description': 'Trade Value($):96,148.94 </br> Share(%):     51.24'}, 'label': 'Ukraine', 'parent': 'Turkmenistan 1999 Import Partner Share ', 'value': 96148.942}, {'data': {'description': 'Trade Value($):22,559.14 </br> Share(%):     12.02'}, 'label': 'Turkey', 'parent': 'Turkmenistan 1999 Import Partner Share ', 'value': 22559.137}, {'data': {'description': 'Trade Value($):18,850.23 </br> Share(%):     10.05'}, 'label': 'France', 'parent': 'Turkmenistan 1999 Import Partner Share ', 'value': 18850.231}, {'data': {'description': 'Trade Value($):16,050.15 </br> Share(%):      8.55'}, 'label': 'Russian Federation', 'parent': 'Turkmenistan 1999 Import Partner Share ', 'value': 16050.147}, {'data': {'description': 'Trade Value($):11,646.06 </br> Share(%):      6.21'}, 'label': 'Japan', 'parent': 'Turkmenistan 1999 Import Partner Share ', 'value': 11646.064}, {'data': {'description': 'Trade Value($):22,371.69 </br> Share(%):     11.92'}, 'label': 'Others (37) partners', 'parent': 'Turkmenistan 1999 Import Partner Share ', 'value': 22371.689}]"
1999,"Machinery and Mechanical Appliances; Electrical Equipment; Parts thereof; Sound Recorders and Reproducers, Television Image and Sound Recorders and Reproducers, and Parts and Accessories of such Articles","[{'color': '#eecc88', 'label': 'Turkmenistan 1999 Import Partner Share ', 'value': 361551.20199999993}, {'data': {'description': 'Trade Value($):45,894.69 </br> Share(%):     12.69'}, 'label': 'United Arab Emirates', 'parent': 'Turkmenistan 1999 Import Partner Share ', 'value': 45894.692}, {'data': {'description': 'Trade Value($):41,325.43 </br> Share(%):     11.43'}, 'label': 'Turkey', 'parent': 'Turkmenistan 1999 Import Partner Share ', 'value': 41325.431}, {'data': {'description': 'Trade Value($):40,942.92 </br> Share(%):     11.32'}, 'label': 'France', 'parent': 'Turkmenistan 1999 Import Partner Share ', 'value': 40942.922}, {'data': {'description': 'Trade Value($):40,885.59 </br> Share(%):     11.31'}, 'label': 'Russian Federation', 'parent': 'Turkmenistan 1999 Import Partner Share ', 'value': 40885.592}, {'data': {'description': 'Trade Value($):37,195.44 </br> Share(%):     10.29'}, 'label': 'Japan', 'parent': 'Turkmenistan 1999 Import Partner Share ', 'value': 37195.436}, {'data': {'description': 'Trade Value($):155,307.13 </br> Share(%):     42.96'}, 'label': 'Others (55) partners', 'parent': 'Turkmenistan 1999 Import Partner Share ', 'value': 155307.129}]"
1999,"Vehicles, Aircraft, Vessels, and Associated Transport Equipment","[{'color': '#eecc88', 'label': 'Turkmenistan 1999 Import Partner Share ', 'value': 120444.26}, {'data': {'description': 'Trade Value($):27,185.08 </br> Share(%):     22.57'}, 'label': 'United States', 'parent': 'Turkmenistan 1999 Import Partner Share ', 'value': 27185.08}, {'data': {'description': 'Trade Value($):26,364.50 </br> Share(%):     21.89'}, 'label': 'Georgia', 'parent': 'Turkmenistan 1999 Import Partner Share ', 'value': 26364.5}, {'data': {'description': 'Trade Value($):14,689.68 </br> Share(%):     12.20'}, 'label': 'Russian Federation', 'parent': 'Turkmenistan 1999 Import Partner Share ', 'value': 14689.676}, {'data': {'description': 'Trade Value($):10,371.08 </br> Share(%):      8.61'}, 'label': 'Belarus', 'parent': 'Turkmenistan 1999 Import Partner Share ', 'value': 10371.075}, {'data': {'description': 'Trade Value($):7,798.04 </br> Share(%):      6.47'}, 'label': 'Turkey', 'parent': 'Turkmenistan 1999 Import Partner Share ', 'value': 7798.042}, {'data': {'description': 'Trade Value($):34,035.89 </br> Share(%):     28.26'}, 'label': 'Others (35) partners', 'parent': 'Turkmenistan 1999 Import Partner Share ', 'value': 34035.887}]"
1999,"Optical, Photographic, Cinematographic, Measuring, Checking, Precision, Medical or Surgical Instruments and Apparatus; Clocks and Watches; Musical Instruments; Parts and Accessories thereof","[{'color': '#eecc88', 'label': 'Turkmenistan 1999 Import Partner Share ', 'value': 1032854.676}, {'data': {'description': 'Trade Value($):160,296.60 </br> Share(%):     15.52'}, 'label': 'Ukraine', 'parent': 'Turkmenistan 1999 Import Partner Share ', 'value': 160296.595}, {'data': {'description': 'Trade Value($):157,007.85 </br> Share(%):     15.20'}, 'label': 'Turkey', 'parent': 'Turkmenistan 1999 Import Partner Share ', 'value': 157007.846}, {'data': {'description': 'Trade Value($):117,340.55 </br> Share(%):     11.36'}, 'label': 'Russian Federation', 'parent': 'Turkmenistan 1999 Import Partner Share ', 'value': 117340.545}, {'data': {'description': 'Trade Value($):99,074.61 </br> Share(%):      9.59'}, 'label': 'United Arab Emirates', 'parent': 'Turkmenistan 1999 Import Partner Share ', 'value': 99074.607}, {'data': {'description': 'Trade Value($):80,900.05 </br> Share(%):      7.83'}, 'label': 'France', 'parent': 'Turkmenistan 1999 Import Partner Share ', 'value': 80900.045}, {'data': {'description': 'Trade Value($):418,235.04 </br> Share(%):     40.49'}, 'label': 'Others (62) partners', 'parent': 'Turkmenistan 1999 Import Partner Share ', 'value': 418235.038}]"
1999,Miscellaneous Manufactured Articles,"[{'color': '#eecc88', 'label': 'Turkmenistan 1999 Import Partner Share ', 'value': 155941.39800000002}, {'data': {'description': 'Trade Value($):95,957.15 </br> Share(%):     61.53'}, 'label': 'Unspecified', 'parent': 'Turkmenistan 1999 Import Partner Share ', 'value': 95957.153}, {'data': {'description': 'Trade Value($):13,690.43 </br> Share(%):      8.78'}, 'label': 'France', 'parent': 'Turkmenistan 1999 Import Partner Share ', 'value': 13690.431}, {'data': {'description': 'Trade Value($):13,272.73 </br> Share(%):      8.51'}, 'label': 'Turkey', 'parent': 'Turkmenistan 1999 Import Partner Share ', 'value': 13272.73}, {'data': {'description': 'Trade Value($):7,239.43 </br> Share(%):      4.64'}, 'label': 'Japan', 'parent': 'Turkmenistan 1999 Import Partner Share ', 'value': 7239.431}, {'data': {'description': 'Trade Value($):5,927.62 </br> Share(%):      3.80'}, 'label': 'Germany', 'parent': 'Turkmenistan 1999 Import Partner Share ', 'value': 5927.621}, {'data': {'description': 'Trade Value($):19,854.03 </br> Share(%):     12.73'}, 'label': 'Others (39) partners', 'parent': 'Turkmenistan 1999 Import Partner Share ', 'value': 19854.032}]"
2000,Animals & Animal Products,"[{'color': '#eecc88', 'label': 'Turkmenistan 2000 Import Partner Share ', 'value': 69512.871}, {'data': {'description': 'Trade Value($):22,270.61 </br> Share(%):     32.04'}, 'label': 'United States', 'parent': 'Turkmenistan 2000 Import Partner Share ', 'value': 22270.61}, {'data': {'description': 'Trade Value($):13,632.94 </br> Share(%):     19.61'}, 'label': 'Latvia', 'parent': 'Turkmenistan 2000 Import Partner Share ', 'value': 13632.942}, {'data': {'description': 'Trade Value($):8,899.40 </br> Share(%):     12.80'}, 'label': 'Iran, Islamic Rep.', 'parent': 'Turkmenistan 2000 Import Partner Share ', 'value': 8899.395}, {'data': {'description': 'Trade Value($):6,829.26 </br> Share(%):      9.82'}, 'label': 'United Arab Emirates', 'parent': 'Turkmenistan 2000 Import Partner Share ', 'value': 6829.264}, {'data': {'description': 'Trade Value($):5,232.87 </br> Share(%):      7.53'}, 'label': 'Russian Federation', 'parent': 'Turkmenistan 2000 Import Partner Share ', 'value': 5232.866}, {'data': {'description': 'Trade Value($):12,647.79 </br> Share(%):     18.19'}, 'label': 'Others (20) partners', 'parent': 'Turkmenistan 2000 Import Partner Share ', 'value': 12647.794}]"
2000,Vegetable Products,"[{'color': '#eecc88', 'label': 'Turkmenistan 2000 Import Partner Share ', 'value': 37572.126}, {'data': {'description': 'Trade Value($):12,163.26 </br> Share(%):     32.37'}, 'label': 'Iran, Islamic Rep.', 'parent': 'Turkmenistan 2000 Import Partner Share ', 'value': 12163.26}, {'data': {'description': 'Trade Value($):5,386.16 </br> Share(%):     14.34'}, 'label': 'Turkey', 'parent': 'Turkmenistan 2000 Import Partner Share ', 'value': 5386.161}, {'data': {'description': 'Trade Value($):4,516.30 </br> Share(%):     12.02'}, 'label': 'United Arab Emirates', 'parent': 'Turkmenistan 2000 Import Partner Share ', 'value': 4516.299}, {'data': {'description': 'Trade Value($):3,586.58 </br> Share(%):      9.55'}, 'label': 'China', 'parent': 'Turkmenistan 2000 Import Partner Share ', 'value': 3586.583}, {'data': {'description': 'Trade Value($):2,993.15 </br> Share(%):      7.97'}, 'label': 'Kazakhstan', 'parent': 'Turkmenistan 2000 Import Partner Share ', 'value': 2993.151}, {'data': {'description': 'Trade Value($):8,926.67 </br> Share(%):     23.76'}, 'label': 'Others (35) partners', 'parent': 'Turkmenistan 2000 Import Partner Share ', 'value': 8926.672}]"
2000,"Prepared Foodstuffs; Beverages, Spirits, Vinegar, Tobacco and Manufactured Tobacco Substitutes","[{'color': '#eecc88', 'label': 'Turkmenistan 2000 Import Partner Share ', 'value': 112556.28600000001}, {'data': {'description': 'Trade Value($):23,578.90 </br> Share(%):     20.95'}, 'label': 'Ukraine', 'parent': 'Turkmenistan 2000 Import Partner Share ', 'value': 23578.901}, {'data': {'description': 'Trade Value($):20,555.08 </br> Share(%):     18.26'}, 'label': 'Turkey', 'parent': 'Turkmenistan 2000 Import Partner Share ', 'value': 20555.079}, {'data': {'description': 'Trade Value($):14,674.67 </br> Share(%):     13.04'}, 'label': 'United Arab Emirates', 'parent': 'Turkmenistan 2000 Import Partner Share ', 'value': 14674.669}, {'data': {'description': 'Trade Value($):11,145.24 </br> Share(%):      9.90'}, 'label': 'Iran, Islamic Rep.', 'parent': 'Turkmenistan 2000 Import Partner Share ', 'value': 11145.235}, {'data': {'description': 'Trade Value($):9,109.89 </br> Share(%):      8.09'}, 'label': 'Russian Federation', 'parent': 'Turkmenistan 2000 Import Partner Share ', 'value': 9109.894}, {'data': {'description': 'Trade Value($):33,492.51 </br> Share(%):     29.76'}, 'label': 'Others (39) partners', 'parent': 'Turkmenistan 2000 Import Partner Share ', 'value': 33492.508}]"
2000,Mineral Products,"[{'color': '#eecc88', 'label': 'Turkmenistan 2000 Import Partner Share ', 'value': 13406.872000000001}, {'data': {'description': 'Trade Value($):4,993.56 </br> Share(%):     37.25'}, 'label': 'Uzbekistan', 'parent': 'Turkmenistan 2000 Import Partner Share ', 'value': 4993.561}, {'data': {'description': 'Trade Value($):3,683.23 </br> Share(%):     27.47'}, 'label': 'Kazakhstan', 'parent': 'Turkmenistan 2000 Import Partner Share ', 'value': 3683.228}, {'data': {'description': 'Trade Value($):2,763.08 </br> Share(%):     20.61'}, 'label': 'Iran, Islamic Rep.', 'parent': 'Turkmenistan 2000 Import Partner Share ', 'value': 2763.083}, {'data': {'description': 'Trade Value($):1,072.05 </br> Share(%):      8.00'}, 'label': 'Ukraine', 'parent': 'Turkmenistan 2000 Import Partner Share ', 'value': 1072.054}, {'data': {'description': 'Trade Value($):367.65 </br> Share(%):      2.74'}, 'label': 'Turkey', 'parent': 'Turkmenistan 2000 Import Partner Share ', 'value': 367.654}, {'data': {'description': 'Trade Value($):527.29 </br> Share(%):      3.93'}, 'label': 'Others (13) partners', 'parent': 'Turkmenistan 2000 Import Partner Share ', 'value': 527.292}]"
2000,Products of the Chemical or Allied Industries,"[{'color': '#eecc88', 'label': 'Turkmenistan 2000 Import Partner Share ', 'value': 145709.355}, {'data': {'description': 'Trade Value($):31,589.82 </br> Share(%):     21.68'}, 'label': 'Turkey', 'parent': 'Turkmenistan 2000 Import Partner Share ', 'value': 31589.818}, {'data': {'description': 'Trade Value($):16,037.56 </br> Share(%):     11.01'}, 'label': 'Russian Federation', 'parent': 'Turkmenistan 2000 Import Partner Share ', 'value': 16037.557}, {'data': {'description': 'Trade Value($):15,056.95 </br> Share(%):     10.33'}, 'label': 'Uzbekistan', 'parent': 'Turkmenistan 2000 Import Partner Share ', 'value': 15056.947}, {'data': {'description': 'Trade Value($):14,652.10 </br> Share(%):     10.06'}, 'label': 'Ukraine', 'parent': 'Turkmenistan 2000 Import Partner Share ', 'value': 14652.099}, {'data': {'description': 'Trade Value($):8,549.10 </br> Share(%):      5.87'}, 'label': 'Germany', 'parent': 'Turkmenistan 2000 Import Partner Share ', 'value': 8549.1}, {'data': {'description': 'Trade Value($):59,823.83 </br> Share(%):     41.06'}, 'label': 'Others (51) partners', 'parent': 'Turkmenistan 2000 Import Partner Share ', 'value': 59823.834}]"
2000,Plastics and Articles thereof; Rubber and Articles thereof,"[{'color': '#eecc88', 'label': 'Turkmenistan 2000 Import Partner Share ', 'value': 68251.12400000001}, {'data': {'description': 'Trade Value($):20,701.66 </br> Share(%):     30.33'}, 'label': 'Ukraine', 'parent': 'Turkmenistan 2000 Import Partner Share ', 'value': 20701.664}, {'data': {'description': 'Trade Value($):14,388.00 </br> Share(%):     21.08'}, 'label': 'Russian Federation', 'parent': 'Turkmenistan 2000 Import Partner Share ', 'value': 14387.997}, {'data': {'description': 'Trade Value($):9,828.90 </br> Share(%):     14.40'}, 'label': 'Turkey', 'parent': 'Turkmenistan 2000 Import Partner Share ', 'value': 9828.904}, {'data': {'description': 'Trade Value($):7,464.28 </br> Share(%):     10.94'}, 'label': 'Iran, Islamic Rep.', 'parent': 'Turkmenistan 2000 Import Partner Share ', 'value': 7464.281}, {'data': {'description': 'Trade Value($):3,409.37 </br> Share(%):      5.00'}, 'label': 'United Arab Emirates', 'parent': 'Turkmenistan 2000 Import Partner Share ', 'value': 3409.372}, {'data': {'description': 'Trade Value($):12,458.91 </br> Share(%):     18.25'}, 'label': 'Others (43) partners', 'parent': 'Turkmenistan 2000 Import Partner Share ', 'value': 12458.906}]"
2000,"Raw Hides and Skins, Leather, Furskins, and Articles thereof; Saddlery and Harness; Travel Goods, Handbags, and Similar Containers; Articles of Animal Gut (Other than Silk-worm Gut)","[{'color': '#eecc88', 'label': 'Turkmenistan 2000 Import Partner Share ', 'value': 2418.389}, {'data': {'description': 'Trade Value($):1,047.05 </br> Share(%):     43.30'}, 'label': 'Turkey', 'parent': 'Turkmenistan 2000 Import Partner Share ', 'value': 1047.047}, {'data': {'description': 'Trade Value($):364.66 </br> Share(%):     15.08'}, 'label': 'India', 'parent': 'Turkmenistan 2000 Import Partner Share ', 'value': 364.663}, {'data': {'description': 'Trade Value($):350.33 </br> Share(%):     14.49'}, 'label': 'Russian Federation', 'parent': 'Turkmenistan 2000 Import Partner Share ', 'value': 350.327}, {'data': {'description': 'Trade Value($):254.19 </br> Share(%):     10.51'}, 'label': 'China', 'parent': 'Turkmenistan 2000 Import Partner Share ', 'value': 254.186}, {'data': {'description': 'Trade Value($):176.91 </br> Share(%):      7.32'}, 'label': 'Pakistan', 'parent': 'Turkmenistan 2000 Import Partner Share ', 'value': 176.909}, {'data': {'description': 'Trade Value($):225.26 </br> Share(%):      9.31'}, 'label': 'Others (18) partners', 'parent': 'Turkmenistan 2000 Import Partner Share ', 'value': 225.257}]"
2000,"Wood and Articles of Wood; Wood Charcoal; Cork and Articles of Cork; Manufactures of Straw, of Esparto or of Other Plaiting Materials; Basketware and Wickerwork","[{'color': '#eecc88', 'label': 'Turkmenistan 2000 Import Partner Share ', 'value': 51533.406}, {'data': {'description': 'Trade Value($):27,495.76 </br> Share(%):     53.36'}, 'label': 'Turkey', 'parent': 'Turkmenistan 2000 Import Partner Share ', 'value': 27495.757}, {'data': {'description': 'Trade Value($):8,387.79 </br> Share(%):     16.28'}, 'label': 'Russian Federation', 'parent': 'Turkmenistan 2000 Import Partner Share ', 'value': 8387.785}, {'data': {'description': 'Trade Value($):2,383.56 </br> Share(%):      4.63'}, 'label': 'France', 'parent': 'Turkmenistan 2000 Import Partner Share ', 'value': 2383.558}, {'data': {'description': 'Trade Value($):2,062.98 </br> Share(%):      4.00'}, 'label': 'Iran, Islamic Rep.', 'parent': 'Turkmenistan 2000 Import Partner Share ', 'value': 2062.975}, {'data': {'description': 'Trade Value($):1,683.56 </br> Share(%):      3.27'}, 'label': 'Estonia', 'parent': 'Turkmenistan 2000 Import Partner Share ', 'value': 1683.562}, {'data': {'description': 'Trade Value($):9,519.77 </br> Share(%):     18.47'}, 'label': 'Others (37) partners', 'parent': 'Turkmenistan 2000 Import Partner Share ', 'value': 9519.76900000001}]"
2000,Textiles and Textile Articles,"[{'color': '#eecc88', 'label': 'Turkmenistan 2000 Import Partner Share ', 'value': 49017.092}, {'data': {'description': 'Trade Value($):16,692.94 </br> Share(%):     34.06'}, 'label': 'Turkey', 'parent': 'Turkmenistan 2000 Import Partner Share ', 'value': 16692.942}, {'data': {'description': 'Trade Value($):12,358.64 </br> Share(%):     25.21'}, 'label': 'United Arab Emirates', 'parent': 'Turkmenistan 2000 Import Partner Share ', 'value': 12358.642}, {'data': {'description': 'Trade Value($):7,960.31 </br> Share(%):     16.24'}, 'label': 'Russian Federation', 'parent': 'Turkmenistan 2000 Import Partner Share ', 'value': 7960.307}, {'data': {'description': 'Trade Value($):2,959.56 </br> Share(%):      6.04'}, 'label': 'Ukraine', 'parent': 'Turkmenistan 2000 Import Partner Share ', 'value': 2959.564}, {'data': {'description': 'Trade Value($):2,235.62 </br> Share(%):      4.56'}, 'label': 'Iran, Islamic Rep.', 'parent': 'Turkmenistan 2000 Import Partner Share ', 'value': 2235.62}, {'data': {'description': 'Trade Value($):6,810.02 </br> Share(%):     13.89'}, 'label': 'Others (32) partners', 'parent': 'Turkmenistan 2000 Import Partner Share ', 'value': 6810.017}]"
2000,"Footwear, Headgear, Umbrellas, Sun Umbrellas, Walking-sticks, Seat-sticks, Whips, Riding-crops, and Parts thereof; Prepared Feathers and Articles Made therewith; Artificial Flowers; Articles of Human Hair","[{'color': '#eecc88', 'label': 'Turkmenistan 2000 Import Partner Share ', 'value': 6795.16}, {'data': {'description': 'Trade Value($):3,256.41 </br> Share(%):     47.92'}, 'label': 'Ukraine', 'parent': 'Turkmenistan 2000 Import Partner Share ', 'value': 3256.41}, {'data': {'description': 'Trade Value($):1,256.67 </br> Share(%):     18.49'}, 'label': 'Iran, Islamic Rep.', 'parent': 'Turkmenistan 2000 Import Partner Share ', 'value': 1256.673}, {'data': {'description': 'Trade Value($):787.24 </br> Share(%):     11.59'}, 'label': 'Turkey', 'parent': 'Turkmenistan 2000 Import Partner Share ', 'value': 787.243}, {'data': {'description': 'Trade Value($):695.03 </br> Share(%):     10.23'}, 'label': 'Russian Federation', 'parent': 'Turkmenistan 2000 Import Partner Share ', 'value': 695.031}, {'data': {'description': 'Trade Value($):308.98 </br> Share(%):      4.55'}, 'label': 'China', 'parent': 'Turkmenistan 2000 Import Partner Share ', 'value': 308.981}, {'data': {'description': 'Trade Value($):490.82 </br> Share(%):      7.22'}, 'label': 'Others (17) partners', 'parent': 'Turkmenistan 2000 Import Partner Share ', 'value': 490.822}]"
2000,"Articles of Stone, Plaster, Cement, Asbestos, Mica or Similar Materials; Ceramic Products; Glass and Glassware","[{'color': '#eecc88', 'label': 'Turkmenistan 2000 Import Partner Share ', 'value': 28762.341}, {'data': {'description': 'Trade Value($):9,696.57 </br> Share(%):     33.71'}, 'label': 'Turkey', 'parent': 'Turkmenistan 2000 Import Partner Share ', 'value': 9696.566}, {'data': {'description': 'Trade Value($):4,823.74 </br> Share(%):     16.77'}, 'label': 'Iran, Islamic Rep.', 'parent': 'Turkmenistan 2000 Import Partner Share ', 'value': 4823.742}, {'data': {'description': 'Trade Value($):1,834.23 </br> Share(%):      6.38'}, 'label': 'Italy', 'parent': 'Turkmenistan 2000 Import Partner Share ', 'value': 1834.226}, {'data': {'description': 'Trade Value($):1,698.24 </br> Share(%):      5.90'}, 'label': 'Ukraine', 'parent': 'Turkmenistan 2000 Import Partner Share ', 'value': 1698.244}, {'data': {'description': 'Trade Value($):1,247.43 </br> Share(%):      4.34'}, 'label': 'Armenia', 'parent': 'Turkmenistan 2000 Import Partner Share ', 'value': 1247.425}, {'data': {'description': 'Trade Value($):9,462.14 </br> Share(%):     32.90'}, 'label': 'Others (35) partners', 'parent': 'Turkmenistan 2000 Import Partner Share ', 'value': 9462.138}]"
2000,"Natural or Cultured Pearls, Precious or Semi-precious Stones, Precious Metals, Metals Clad with Precious Metal, and Articles thereof; Imitation Jewellery; Coin","[{'color': '#eecc88', 'label': 'Turkmenistan 2000 Import Partner Share ', 'value': 17112.409}, {'data': {'description': 'Trade Value($):6,277.22 </br> Share(%):     36.68'}, 'label': 'Tajikistan', 'parent': 'Turkmenistan 2000 Import Partner Share ', 'value': 6277.222}, {'data': {'description': 'Trade Value($):3,683.23 </br> Share(%):     21.52'}, 'label': 'Kazakhstan', 'parent': 'Turkmenistan 2000 Import Partner Share ', 'value': 3683.228}, {'data': {'description': 'Trade Value($):1,898.60 </br> Share(%):     11.09'}, 'label': 'Turkey', 'parent': 'Turkmenistan 2000 Import Partner Share ', 'value': 1898.602}, {'data': {'description': 'Trade Value($):905.75 </br> Share(%):      5.29'}, 'label': 'Armenia', 'parent': 'Turkmenistan 2000 Import Partner Share ', 'value': 905.746}, {'data': {'description': 'Trade Value($):827.78 </br> Share(%):      4.84'}, 'label': 'Iran, Islamic Rep.', 'parent': 'Turkmenistan 2000 Import Partner Share ', 'value': 827.777}, {'data': {'description': 'Trade Value($):3,519.83 </br> Share(%):     20.57'}, 'label': 'Others (22) partners', 'parent': 'Turkmenistan 2000 Import Partner Share ', 'value': 3519.834}]"
2000,Base Metals and Articles of Base Metal,"[{'color': '#eecc88', 'label': 'Turkmenistan 2000 Import Partner Share ', 'value': 219860.37199999997}, {'data': {'description': 'Trade Value($):87,409.44 </br> Share(%):     39.76'}, 'label': 'Ukraine', 'parent': 'Turkmenistan 2000 Import Partner Share ', 'value': 87409.44}, {'data': {'description': 'Trade Value($):30,515.62 </br> Share(%):     13.88'}, 'label': 'Russian Federation', 'parent': 'Turkmenistan 2000 Import Partner Share ', 'value': 30515.62}, {'data': {'description': 'Trade Value($):26,297.10 </br> Share(%):     11.96'}, 'label': 'Turkey', 'parent': 'Turkmenistan 2000 Import Partner Share ', 'value': 26297.096}, {'data': {'description': 'Trade Value($):20,232.55 </br> Share(%):      9.20'}, 'label': 'Moldova', 'parent': 'Turkmenistan 2000 Import Partner Share ', 'value': 20232.549}, {'data': {'description': 'Trade Value($):10,493.32 </br> Share(%):      4.77'}, 'label': 'Japan', 'parent': 'Turkmenistan 2000 Import Partner Share ', 'value': 10493.321}, {'data': {'description': 'Trade Value($):44,912.35 </br> Share(%):     20.43'}, 'label': 'Others (45) partners', 'parent': 'Turkmenistan 2000 Import Partner Share ', 'value': 44912.346}]"
2000,"Machinery and Mechanical Appliances; Electrical Equipment; Parts thereof; Sound Recorders and Reproducers, Television Image and Sound Recorders and Reproducers, and Parts and Accessories of such Articles","[{'color': '#eecc88', 'label': 'Turkmenistan 2000 Import Partner Share ', 'value': 619786.479}, {'data': {'description': 'Trade Value($):131,163.20 </br> Share(%):     21.16'}, 'label': 'Japan', 'parent': 'Turkmenistan 2000 Import Partner Share ', 'value': 131163.196}, {'data': {'description': 'Trade Value($):102,680.99 </br> Share(%):     16.57'}, 'label': 'Russian Federation', 'parent': 'Turkmenistan 2000 Import Partner Share ', 'value': 102680.993}, {'data': {'description': 'Trade Value($):78,057.88 </br> Share(%):     12.59'}, 'label': 'United Arab Emirates', 'parent': 'Turkmenistan 2000 Import Partner Share ', 'value': 78057.878}, {'data': {'description': 'Trade Value($):62,171.18 </br> Share(%):     10.03'}, 'label': 'Turkey', 'parent': 'Turkmenistan 2000 Import Partner Share ', 'value': 62171.18}, {'data': {'description': 'Trade Value($):49,812.69 </br> Share(%):      8.04'}, 'label': 'France', 'parent': 'Turkmenistan 2000 Import Partner Share ', 'value': 49812.694}, {'data': {'description': 'Trade Value($):195,900.54 </br> Share(%):     31.61'}, 'label': 'Others (51) partners', 'parent': 'Turkmenistan 2000 Import Partner Share ', 'value': 195900.538}]"
2000,"Vehicles, Aircraft, Vessels, and Associated Transport Equipment","[{'color': '#eecc88', 'label': 'Turkmenistan 2000 Import Partner Share ', 'value': 162795.395}, {'data': {'description': 'Trade Value($):43,299.79 </br> Share(%):     26.60'}, 'label': 'Belarus', 'parent': 'Turkmenistan 2000 Import Partner Share ', 'value': 43299.792}, {'data': {'description': 'Trade Value($):36,733.57 </br> Share(%):     22.56'}, 'label': 'Russian Federation', 'parent': 'Turkmenistan 2000 Import Partner Share ', 'value': 36733.567}, {'data': {'description': 'Trade Value($):16,268.53 </br> Share(%):      9.99'}, 'label': 'Turkey', 'parent': 'Turkmenistan 2000 Import Partner Share ', 'value': 16268.529}, {'data': {'description': 'Trade Value($):15,707.22 </br> Share(%):      9.65'}, 'label': 'Ukraine', 'parent': 'Turkmenistan 2000 Import Partner Share ', 'value': 15707.217}, {'data': {'description': 'Trade Value($):11,487.50 </br> Share(%):      7.06'}, 'label': 'Germany', 'parent': 'Turkmenistan 2000 Import Partner Share ', 'value': 11487.5}, {'data': {'description': 'Trade Value($):39,298.79 </br> Share(%):     24.14'}, 'label': 'Others (33) partners', 'parent': 'Turkmenistan 2000 Import Partner Share ', 'value': 39298.79}]"
2000,"Optical, Photographic, Cinematographic, Measuring, Checking, Precision, Medical or Surgical Instruments and Apparatus; Clocks and Watches; Musical Instruments; Parts and Accessories thereof","[{'color': '#eecc88', 'label': 'Turkmenistan 2000 Import Partner Share ', 'value': 1424552.844}, {'data': {'description': 'Trade Value($):224,116.94 </br> Share(%):     15.73'}, 'label': 'Russian Federation', 'parent': 'Turkmenistan 2000 Import Partner Share ', 'value': 224116.943}, {'data': {'description': 'Trade Value($):221,872.89 </br> Share(%):     15.57'}, 'label': 'Turkey', 'parent': 'Turkmenistan 2000 Import Partner Share ', 'value': 221872.892}, {'data': {'description': 'Trade Value($):190,051.98 </br> Share(%):     13.34'}, 'label': 'Ukraine', 'parent': 'Turkmenistan 2000 Import Partner Share ', 'value': 190051.983}, {'data': {'description': 'Trade Value($):144,107.12 </br> Share(%):     10.12'}, 'label': 'Japan', 'parent': 'Turkmenistan 2000 Import Partner Share ', 'value': 144107.12}, {'data': {'description': 'Trade Value($):119,340.30 </br> Share(%):      8.38'}, 'label': 'United Arab Emirates', 'parent': 'Turkmenistan 2000 Import Partner Share ', 'value': 119340.302}, {'data': {'description': 'Trade Value($):525,063.60 </br> Share(%):     36.86'}, 'label': 'Others (65) partners', 'parent': 'Turkmenistan 2000 Import Partner Share ', 'value': 525063.604}]"
2000,Miscellaneous Manufactured Articles,"[{'color': '#eecc88', 'label': 'Turkmenistan 2000 Import Partner Share ', 'value': 176193.07200000001}, {'data': {'description': 'Trade Value($):105,272.65 </br> Share(%):     59.75'}, 'label': 'Unspecified', 'parent': 'Turkmenistan 2000 Import Partner Share ', 'value': 105272.65}, {'data': {'description': 'Trade Value($):21,595.15 </br> Share(%):     12.26'}, 'label': 'Turkey', 'parent': 'Turkmenistan 2000 Import Partner Share ', 'value': 21595.152}, {'data': {'description': 'Trade Value($):10,769.97 </br> Share(%):      6.11'}, 'label': 'United Arab Emirates', 'parent': 'Turkmenistan 2000 Import Partner Share ', 'value': 10769.969}, {'data': {'description': 'Trade Value($):7,709.23 </br> Share(%):      4.38'}, 'label': 'Russian Federation', 'parent': 'Turkmenistan 2000 Import Partner Share ', 'value': 7709.228}, {'data': {'description': 'Trade Value($):5,573.89 </br> Share(%):      3.16'}, 'label': 'Iran, Islamic Rep.', 'parent': 'Turkmenistan 2000 Import Partner Share ', 'value': 5573.893}, {'data': {'description': 'Trade Value($):25,272.18 </br> Share(%):     14.34'}, 'label': 'Others (46) partners', 'parent': 'Turkmenistan 2000 Import Partner Share ', 'value': 25272.18}]"
