1997,Animals & Animal Products,"[{'color': '#eecc88', 'label': 'Turkmenistan 1997 Export Partner Share ', 'value': 754.3190000000001}, {'data': {'description': 'Trade Value($):423.83 </br> Share(%):     56.19'}, 'label': 'Hong Kong, China', 'parent': 'Turkmenistan 1997 Export Partner Share ', 'value': 423.832}, {'data': {'description': 'Trade Value($):123.96 </br> Share(%):     16.43'}, 'label': 'Turkey', 'parent': 'Turkmenistan 1997 Export Partner Share ', 'value': 123.957}, {'data': {'description': 'Trade Value($):64.34 </br> Share(%):      8.53'}, 'label': 'China', 'parent': 'Turkmenistan 1997 Export Partner Share ', 'value': 64.335}, {'data': {'description': 'Trade Value($):46.88 </br> Share(%):      6.21'}, 'label': 'Russian Federation', 'parent': 'Turkmenistan 1997 Export Partner Share ', 'value': 46.878}, {'data': {'description': 'Trade Value($):44.66 </br> Share(%):      5.92'}, 'label': 'Kyrgyz Republic', 'parent': 'Turkmenistan 1997 Export Partner Share ', 'value': 44.664}, {'data': {'description': 'Trade Value($):50.65 </br> Share(%):      6.72'}, 'label': 'Others (3) partners', 'parent': 'Turkmenistan 1997 Export Partner Share ', 'value': 50.653}]"
1997,Vegetable Products,"[{'color': '#eecc88', 'label': 'Turkmenistan 1997 Export Partner Share ', 'value': 3936.814}, {'data': {'description': 'Trade Value($):1,086.05 </br> Share(%):     27.59'}, 'label': 'Russian Federation', 'parent': 'Turkmenistan 1997 Export Partner Share ', 'value': 1086.049}, {'data': {'description': 'Trade Value($):863.11 </br> Share(%):     21.92'}, 'label': 'Kazakhstan', 'parent': 'Turkmenistan 1997 Export Partner Share ', 'value': 863.106}, {'data': {'description': 'Trade Value($):625.26 </br> Share(%):     15.88'}, 'label': 'Unspecified', 'parent': 'Turkmenistan 1997 Export Partner Share ', 'value': 625.259}, {'data': {'description': 'Trade Value($):552.77 </br> Share(%):     14.04'}, 'label': 'Malta', 'parent': 'Turkmenistan 1997 Export Partner Share ', 'value': 552.768}, {'data': {'description': 'Trade Value($):449.61 </br> Share(%):     11.42'}, 'label': 'France', 'parent': 'Turkmenistan 1997 Export Partner Share ', 'value': 449.611}, {'data': {'description': 'Trade Value($):360.02 </br> Share(%):      9.14'}, 'label': 'Others (9) partners', 'parent': 'Turkmenistan 1997 Export Partner Share ', 'value': 360.021}]"
1997,"Prepared Foodstuffs; Beverages, Spirits, Vinegar, Tobacco and Manufactured Tobacco Substitutes","[{'color': '#eecc88', 'label': 'Turkmenistan 1997 Export Partner Share ', 'value': 3267.8689999999997}, {'data': {'description': 'Trade Value($):2,169.26 </br> Share(%):     66.38'}, 'label': 'Russian Federation', 'parent': 'Turkmenistan 1997 Export Partner Share ', 'value': 2169.261}, {'data': {'description': 'Trade Value($):479.15 </br> Share(%):     14.66'}, 'label': 'Kyrgyz Republic', 'parent': 'Turkmenistan 1997 Export Partner Share ', 'value': 479.15}, {'data': {'description': 'Trade Value($):327.10 </br> Share(%):     10.01'}, 'label': 'Tajikistan', 'parent': 'Turkmenistan 1997 Export Partner Share ', 'value': 327.104}, {'data': {'description': 'Trade Value($):126.90 </br> Share(%):      3.88'}, 'label': 'Mongolia', 'parent': 'Turkmenistan 1997 Export Partner Share ', 'value': 126.899}, {'data': {'description': 'Trade Value($):85.67 </br> Share(%):      2.62'}, 'label': 'Armenia', 'parent': 'Turkmenistan 1997 Export Partner Share ', 'value': 85.667}, {'data': {'description': 'Trade Value($):79.79 </br> Share(%):      2.44'}, 'label': 'Others (4) partners', 'parent': 'Turkmenistan 1997 Export Partner Share ', 'value': 79.788}]"
1997,Mineral Products,"[{'color': '#eecc88', 'label': 'Turkmenistan 1997 Export Partner Share ', 'value': 9396.267000000002}, {'data': {'description': 'Trade Value($):6,949.84 </br> Share(%):     73.96'}, 'label': 'Azerbaijan', 'parent': 'Turkmenistan 1997 Export Partner Share ', 'value': 6949.839}, {'data': {'description': 'Trade Value($):936.28 </br> Share(%):      9.96'}, 'label': 'Uzbekistan', 'parent': 'Turkmenistan 1997 Export Partner Share ', 'value': 936.281}, {'data': {'description': 'Trade Value($):775.69 </br> Share(%):      8.26'}, 'label': 'Afghanistan', 'parent': 'Turkmenistan 1997 Export Partner Share ', 'value': 775.694}, {'data': {'description': 'Trade Value($):312.00 </br> Share(%):      3.32'}, 'label': 'Italy', 'parent': 'Turkmenistan 1997 Export Partner Share ', 'value': 312}, {'data': {'description': 'Trade Value($):204.91 </br> Share(%):      2.18'}, 'label': 'Russian Federation', 'parent': 'Turkmenistan 1997 Export Partner Share ', 'value': 204.905}, {'data': {'description': 'Trade Value($):217.55 </br> Share(%):      2.32'}, 'label': 'Others (7) partners', 'parent': 'Turkmenistan 1997 Export Partner Share ', 'value': 217.548}]"
1997,Products of the Chemical or Allied Industries,"[{'color': '#eecc88', 'label': 'Turkmenistan 1997 Export Partner Share ', 'value': 4206.067}, {'data': {'description': 'Trade Value($):1,708.06 </br> Share(%):     40.61'}, 'label': 'Afghanistan', 'parent': 'Turkmenistan 1997 Export Partner Share ', 'value': 1708.055}, {'data': {'description': 'Trade Value($):813.06 </br> Share(%):     19.33'}, 'label': 'Russian Federation', 'parent': 'Turkmenistan 1997 Export Partner Share ', 'value': 813.064}, {'data': {'description': 'Trade Value($):473.85 </br> Share(%):     11.27'}, 'label': 'Bulgaria', 'parent': 'Turkmenistan 1997 Export Partner Share ', 'value': 473.85}, {'data': {'description': 'Trade Value($):271.04 </br> Share(%):      6.44'}, 'label': 'Ukraine', 'parent': 'Turkmenistan 1997 Export Partner Share ', 'value': 271.037}, {'data': {'description': 'Trade Value($):269.69 </br> Share(%):      6.41'}, 'label': 'Germany', 'parent': 'Turkmenistan 1997 Export Partner Share ', 'value': 269.694}, {'data': {'description': 'Trade Value($):670.37 </br> Share(%):     15.94'}, 'label': 'Others (11) partners', 'parent': 'Turkmenistan 1997 Export Partner Share ', 'value': 670.367}]"
1997,Plastics and Articles thereof; Rubber and Articles thereof,"[{'color': '#eecc88', 'label': 'Turkmenistan 1997 Export Partner Share ', 'value': 200.06400000000005}, {'data': {'description': 'Trade Value($):63.41 </br> Share(%):     31.69'}, 'label': 'Uzbekistan', 'parent': 'Turkmenistan 1997 Export Partner Share ', 'value': 63.408}, {'data': {'description': 'Trade Value($):55.02 </br> Share(%):     27.50'}, 'label': 'Ukraine', 'parent': 'Turkmenistan 1997 Export Partner Share ', 'value': 55.024}, {'data': {'description': 'Trade Value($):47.90 </br> Share(%):     23.94'}, 'label': 'Kazakhstan', 'parent': 'Turkmenistan 1997 Export Partner Share ', 'value': 47.899}, {'data': {'description': 'Trade Value($):17.24 </br> Share(%):      8.62'}, 'label': 'Afghanistan', 'parent': 'Turkmenistan 1997 Export Partner Share ', 'value': 17.24}, {'data': {'description': 'Trade Value($):15.58 </br> Share(%):      7.79'}, 'label': 'Pakistan', 'parent': 'Turkmenistan 1997 Export Partner Share ', 'value': 15.58}, {'data': {'description': 'Trade Value($):.91 </br> Share(%):      0.46'}, 'label': 'Others (2) partners', 'parent': 'Turkmenistan 1997 Export Partner Share ', 'value': 0.913}]"
1997,"Raw Hides and Skins, Leather, Furskins, and Articles thereof; Saddlery and Harness; Travel Goods, Handbags, and Similar Containers; Articles of Animal Gut (Other than Silk-worm Gut)","[{'color': '#eecc88', 'label': 'Turkmenistan 1997 Export Partner Share ', 'value': 5710.256}, {'data': {'description': 'Trade Value($):4,290.34 </br> Share(%):     75.13'}, 'label': 'Turkey', 'parent': 'Turkmenistan 1997 Export Partner Share ', 'value': 4290.341}, {'data': {'description': 'Trade Value($):793.39 </br> Share(%):     13.89'}, 'label': 'Afghanistan', 'parent': 'Turkmenistan 1997 Export Partner Share ', 'value': 793.388}, {'data': {'description': 'Trade Value($):466.82 </br> Share(%):      8.18'}, 'label': 'Russian Federation', 'parent': 'Turkmenistan 1997 Export Partner Share ', 'value': 466.818}, {'data': {'description': 'Trade Value($):75.00 </br> Share(%):      1.31'}, 'label': 'Ukraine', 'parent': 'Turkmenistan 1997 Export Partner Share ', 'value': 75}, {'data': {'description': 'Trade Value($):35.13 </br> Share(%):      0.62'}, 'label': 'Greece', 'parent': 'Turkmenistan 1997 Export Partner Share ', 'value': 35.134}, {'data': {'description': 'Trade Value($):49.58 </br> Share(%):      0.87'}, 'label': 'Others (5) partners', 'parent': 'Turkmenistan 1997 Export Partner Share ', 'value': 49.575}]"
1997,"Wood and Articles of Wood; Wood Charcoal; Cork and Articles of Cork; Manufactures of Straw, of Esparto or of Other Plaiting Materials; Basketware and Wickerwork","[{'color': '#eecc88', 'label': 'Turkmenistan 1997 Export Partner Share ', 'value': 149.37800000000001}, {'data': {'description': 'Trade Value($):51.32 </br> Share(%):     34.36'}, 'label': 'Uzbekistan', 'parent': 'Turkmenistan 1997 Export Partner Share ', 'value': 51.323}, {'data': {'description': 'Trade Value($):42.72 </br> Share(%):     28.60'}, 'label': 'Afghanistan', 'parent': 'Turkmenistan 1997 Export Partner Share ', 'value': 42.715}, {'data': {'description': 'Trade Value($):32.47 </br> Share(%):     21.74'}, 'label': 'Russian Federation', 'parent': 'Turkmenistan 1997 Export Partner Share ', 'value': 32.47}, {'data': {'description': 'Trade Value($):22.87 </br> Share(%):     15.31'}, 'label': 'Iran, Islamic Rep.', 'parent': 'Turkmenistan 1997 Export Partner Share ', 'value': 22.87}]"
1997,Textiles and Textile Articles,"[{'color': '#eecc88', 'label': 'Turkmenistan 1997 Export Partner Share ', 'value': 136487.111}, {'data': {'description': 'Trade Value($):43,390.66 </br> Share(%):     31.79'}, 'label': 'Turkey', 'parent': 'Turkmenistan 1997 Export Partner Share ', 'value': 43390.655}, {'data': {'description': 'Trade Value($):16,085.39 </br> Share(%):     11.79'}, 'label': 'Switzerland', 'parent': 'Turkmenistan 1997 Export Partner Share ', 'value': 16085.392}, {'data': {'description': 'Trade Value($):15,764.60 </br> Share(%):     11.55'}, 'label': 'Hong Kong, China', 'parent': 'Turkmenistan 1997 Export Partner Share ', 'value': 15764.603}, {'data': {'description': 'Trade Value($):11,111.46 </br> Share(%):      8.14'}, 'label': 'Sweden', 'parent': 'Turkmenistan 1997 Export Partner Share ', 'value': 11111.464}, {'data': {'description': 'Trade Value($):9,612.67 </br> Share(%):      7.04'}, 'label': 'Russian Federation', 'parent': 'Turkmenistan 1997 Export Partner Share ', 'value': 9612.667}, {'data': {'description': 'Trade Value($):40,522.33 </br> Share(%):     29.69'}, 'label': 'Others (34) partners', 'parent': 'Turkmenistan 1997 Export Partner Share ', 'value': 40522.33}]"
1997,"Footwear, Headgear, Umbrellas, Sun Umbrellas, Walking-sticks, Seat-sticks, Whips, Riding-crops, and Parts thereof; Prepared Feathers and Articles Made therewith; Artificial Flowers; Articles of Human Hair","[{'color': '#eecc88', 'label': 'Turkmenistan 1997 Export Partner Share ', 'value': 166.554}, {'data': {'description': 'Trade Value($):166.55 </br> Share(%):    100.00'}, 'label': 'Russian Federation', 'parent': 'Turkmenistan 1997 Export Partner Share ', 'value': 166.554}]"
1997,"Articles of Stone, Plaster, Cement, Asbestos, Mica or Similar Materials; Ceramic Products; Glass and Glassware","[{'color': '#eecc88', 'label': 'Turkmenistan 1997 Export Partner Share ', 'value': 2664.5190000000002}, {'data': {'description': 'Trade Value($):1,520.75 </br> Share(%):     57.07'}, 'label': 'United Arab Emirates', 'parent': 'Turkmenistan 1997 Export Partner Share ', 'value': 1520.745}, {'data': {'description': 'Trade Value($):441.43 </br> Share(%):     16.57'}, 'label': 'Uzbekistan', 'parent': 'Turkmenistan 1997 Export Partner Share ', 'value': 441.433}, {'data': {'description': 'Trade Value($):411.07 </br> Share(%):     15.43'}, 'label': 'Israel', 'parent': 'Turkmenistan 1997 Export Partner Share ', 'value': 411.074}, {'data': {'description': 'Trade Value($):143.75 </br> Share(%):      5.40'}, 'label': 'Azerbaijan', 'parent': 'Turkmenistan 1997 Export Partner Share ', 'value': 143.751}, {'data': {'description': 'Trade Value($):109.71 </br> Share(%):      4.12'}, 'label': 'Tajikistan', 'parent': 'Turkmenistan 1997 Export Partner Share ', 'value': 109.707}, {'data': {'description': 'Trade Value($):37.81 </br> Share(%):      1.42'}, 'label': 'Others (1) partners', 'parent': 'Turkmenistan 1997 Export Partner Share ', 'value': 37.809}]"
1997,"Natural or Cultured Pearls, Precious or Semi-precious Stones, Precious Metals, Metals Clad with Precious Metal, and Articles thereof; Imitation Jewellery; Coin","[{'color': '#eecc88', 'label': 'Turkmenistan 1997 Export Partner Share ', 'value': 9698.779999999999}, {'data': {'description': 'Trade Value($):2,396.97 </br> Share(%):     24.71'}, 'label': 'Turkey', 'parent': 'Turkmenistan 1997 Export Partner Share ', 'value': 2396.97}, {'data': {'description': 'Trade Value($):2,238.95 </br> Share(%):     23.08'}, 'label': 'Uzbekistan', 'parent': 'Turkmenistan 1997 Export Partner Share ', 'value': 2238.947}, {'data': {'description': 'Trade Value($):1,803.52 </br> Share(%):     18.60'}, 'label': 'Azerbaijan', 'parent': 'Turkmenistan 1997 Export Partner Share ', 'value': 1803.517}, {'data': {'description': 'Trade Value($):905.96 </br> Share(%):      9.34'}, 'label': 'Afghanistan', 'parent': 'Turkmenistan 1997 Export Partner Share ', 'value': 905.962}, {'data': {'description': 'Trade Value($):758.19 </br> Share(%):      7.82'}, 'label': 'Greece', 'parent': 'Turkmenistan 1997 Export Partner Share ', 'value': 758.193}, {'data': {'description': 'Trade Value($):1,595.19 </br> Share(%):     16.45'}, 'label': 'Others (7) partners', 'parent': 'Turkmenistan 1997 Export Partner Share ', 'value': 1595.191}]"
1997,Base Metals and Articles of Base Metal,"[{'color': '#eecc88', 'label': 'Turkmenistan 1997 Export Partner Share ', 'value': 8410.858000000002}, {'data': {'description': 'Trade Value($):2,504.47 </br> Share(%):     29.78'}, 'label': 'Iran, Islamic Rep.', 'parent': 'Turkmenistan 1997 Export Partner Share ', 'value': 2504.469}, {'data': {'description': 'Trade Value($):2,396.97 </br> Share(%):     28.50'}, 'label': 'Turkey', 'parent': 'Turkmenistan 1997 Export Partner Share ', 'value': 2396.97}, {'data': {'description': 'Trade Value($):1,369.40 </br> Share(%):     16.28'}, 'label': 'Uzbekistan', 'parent': 'Turkmenistan 1997 Export Partner Share ', 'value': 1369.404}, {'data': {'description': 'Trade Value($):851.65 </br> Share(%):     10.13'}, 'label': 'Afghanistan', 'parent': 'Turkmenistan 1997 Export Partner Share ', 'value': 851.645}, {'data': {'description': 'Trade Value($):758.19 </br> Share(%):      9.01'}, 'label': 'Greece', 'parent': 'Turkmenistan 1997 Export Partner Share ', 'value': 758.193}, {'data': {'description': 'Trade Value($):530.18 </br> Share(%):      6.30'}, 'label': 'Others (2) partners', 'parent': 'Turkmenistan 1997 Export Partner Share ', 'value': 530.177}]"
1997,"Machinery and Mechanical Appliances; Electrical Equipment; Parts thereof; Sound Recorders and Reproducers, Television Image and Sound Recorders and Reproducers, and Parts and Accessories of such Articles","[{'color': '#eecc88', 'label': 'Turkmenistan 1997 Export Partner Share ', 'value': 455.47200000000004}, {'data': {'description': 'Trade Value($):293.97 </br> Share(%):     64.54'}, 'label': 'Russian Federation', 'parent': 'Turkmenistan 1997 Export Partner Share ', 'value': 293.971}, {'data': {'description': 'Trade Value($):122.24 </br> Share(%):     26.84'}, 'label': 'Uzbekistan', 'parent': 'Turkmenistan 1997 Export Partner Share ', 'value': 122.239}, {'data': {'description': 'Trade Value($):19.00 </br> Share(%):      4.17'}, 'label': 'Kazakhstan', 'parent': 'Turkmenistan 1997 Export Partner Share ', 'value': 19}, {'data': {'description': 'Trade Value($):13.89 </br> Share(%):      3.05'}, 'label': 'Belarus', 'parent': 'Turkmenistan 1997 Export Partner Share ', 'value': 13.885}, {'data': {'description': 'Trade Value($):6.38 </br> Share(%):      1.40'}, 'label': 'Azerbaijan', 'parent': 'Turkmenistan 1997 Export Partner Share ', 'value': 6.377}]"
1997,"Vehicles, Aircraft, Vessels, and Associated Transport Equipment","[{'color': '#eecc88', 'label': 'Turkmenistan 1997 Export Partner Share ', 'value': 415.361}, {'data': {'description': 'Trade Value($):287.74 </br> Share(%):     69.27'}, 'label': 'Iran, Islamic Rep.', 'parent': 'Turkmenistan 1997 Export Partner Share ', 'value': 287.739}, {'data': {'description': 'Trade Value($):127.62 </br> Share(%):     30.73'}, 'label': 'Ukraine', 'parent': 'Turkmenistan 1997 Export Partner Share ', 'value': 127.622}]"
1997,"Optical, Photographic, Cinematographic, Measuring, Checking, Precision, Medical or Surgical Instruments and Apparatus; Clocks and Watches; Musical Instruments; Parts and Accessories thereof","[{'color': '#eecc88', 'label': 'Turkmenistan 1997 Export Partner Share ', 'value': 63266.041}, {'data': {'description': 'Trade Value($):31,687.77 </br> Share(%):     50.09'}, 'label': 'Turkey', 'parent': 'Turkmenistan 1997 Export Partner Share ', 'value': 31687.769}, {'data': {'description': 'Trade Value($):9,169.45 </br> Share(%):     14.49'}, 'label': 'Russian Federation', 'parent': 'Turkmenistan 1997 Export Partner Share ', 'value': 9169.45}, {'data': {'description': 'Trade Value($):5,767.55 </br> Share(%):      9.12'}, 'label': 'Azerbaijan', 'parent': 'Turkmenistan 1997 Export Partner Share ', 'value': 5767.551}, {'data': {'description': 'Trade Value($):3,176.53 </br> Share(%):      5.02'}, 'label': 'Iran, Islamic Rep.', 'parent': 'Turkmenistan 1997 Export Partner Share ', 'value': 3176.532}, {'data': {'description': 'Trade Value($):3,011.52 </br> Share(%):      4.76'}, 'label': 'Afghanistan', 'parent': 'Turkmenistan 1997 Export Partner Share ', 'value': 3011.519}, {'data': {'description': 'Trade Value($):10,453.22 </br> Share(%):     16.52'}, 'label': 'Others (27) partners', 'parent': 'Turkmenistan 1997 Export Partner Share ', 'value': 10453.22}]"
1997,Miscellaneous Manufactured Articles,"[{'color': '#eecc88', 'label': 'Turkmenistan 1997 Export Partner Share ', 'value': 59.715}, {'data': {'description': 'Trade Value($):35.39 </br> Share(%):     59.27'}, 'label': 'Russian Federation', 'parent': 'Turkmenistan 1997 Export Partner Share ', 'value': 35.393}, {'data': {'description': 'Trade Value($):13.09 </br> Share(%):     21.92'}, 'label': 'Afghanistan', 'parent': 'Turkmenistan 1997 Export Partner Share ', 'value': 13.091}, {'data': {'description': 'Trade Value($):11.23 </br> Share(%):     18.81'}, 'label': 'Azerbaijan', 'parent': 'Turkmenistan 1997 Export Partner Share ', 'value': 11.231}]"
1998,Animals & Animal Products,"[{'color': '#eecc88', 'label': 'Turkmenistan 1998 Export Partner Share ', 'value': 3478.51}, {'data': {'description': 'Trade Value($):2,442.27 </br> Share(%):     70.21'}, 'label': 'Thailand', 'parent': 'Turkmenistan 1998 Export Partner Share ', 'value': 2442.27}, {'data': {'description': 'Trade Value($):650.39 </br> Share(%):     18.70'}, 'label': 'China', 'parent': 'Turkmenistan 1998 Export Partner Share ', 'value': 650.387}, {'data': {'description': 'Trade Value($):197.89 </br> Share(%):      5.69'}, 'label': 'Turkey', 'parent': 'Turkmenistan 1998 Export Partner Share ', 'value': 197.891}, {'data': {'description': 'Trade Value($):87.10 </br> Share(%):      2.50'}, 'label': 'Hong Kong, China', 'parent': 'Turkmenistan 1998 Export Partner Share ', 'value': 87.104}, {'data': {'description': 'Trade Value($):52.50 </br> Share(%):      1.51'}, 'label': 'United Arab Emirates', 'parent': 'Turkmenistan 1998 Export Partner Share ', 'value': 52.5}, {'data': {'description': 'Trade Value($):48.36 </br> Share(%):      1.39'}, 'label': 'Others (4) partners', 'parent': 'Turkmenistan 1998 Export Partner Share ', 'value': 48.358}]"
1998,Vegetable Products,"[{'color': '#eecc88', 'label': 'Turkmenistan 1998 Export Partner Share ', 'value': 2903.612}, {'data': {'description': 'Trade Value($):642.22 </br> Share(%):     22.12'}, 'label': 'Uzbekistan', 'parent': 'Turkmenistan 1998 Export Partner Share ', 'value': 642.224}, {'data': {'description': 'Trade Value($):572.36 </br> Share(%):     19.71'}, 'label': 'Kazakhstan', 'parent': 'Turkmenistan 1998 Export Partner Share ', 'value': 572.355}, {'data': {'description': 'Trade Value($):549.58 </br> Share(%):     18.93'}, 'label': 'Russian Federation', 'parent': 'Turkmenistan 1998 Export Partner Share ', 'value': 549.579}, {'data': {'description': 'Trade Value($):423.95 </br> Share(%):     14.60'}, 'label': 'France', 'parent': 'Turkmenistan 1998 Export Partner Share ', 'value': 423.947}, {'data': {'description': 'Trade Value($):412.31 </br> Share(%):     14.20'}, 'label': 'Unspecified', 'parent': 'Turkmenistan 1998 Export Partner Share ', 'value': 412.311}, {'data': {'description': 'Trade Value($):303.20 </br> Share(%):     10.44'}, 'label': 'Others (11) partners', 'parent': 'Turkmenistan 1998 Export Partner Share ', 'value': 303.196}]"
1998,"Prepared Foodstuffs; Beverages, Spirits, Vinegar, Tobacco and Manufactured Tobacco Substitutes","[{'color': '#eecc88', 'label': 'Turkmenistan 1998 Export Partner Share ', 'value': 1659.9829999999997}, {'data': {'description': 'Trade Value($):1,379.66 </br> Share(%):     83.11'}, 'label': 'Russian Federation', 'parent': 'Turkmenistan 1998 Export Partner Share ', 'value': 1379.658}, {'data': {'description': 'Trade Value($):126.99 </br> Share(%):      7.65'}, 'label': 'Bulgaria', 'parent': 'Turkmenistan 1998 Export Partner Share ', 'value': 126.99}, {'data': {'description': 'Trade Value($):75.55 </br> Share(%):      4.55'}, 'label': 'Georgia', 'parent': 'Turkmenistan 1998 Export Partner Share ', 'value': 75.548}, {'data': {'description': 'Trade Value($):67.57 </br> Share(%):      4.07'}, 'label': 'Uzbekistan', 'parent': 'Turkmenistan 1998 Export Partner Share ', 'value': 67.57}, {'data': {'description': 'Trade Value($):7.67 </br> Share(%):      0.46'}, 'label': 'Kazakhstan', 'parent': 'Turkmenistan 1998 Export Partner Share ', 'value': 7.667}, {'data': {'description': 'Trade Value($):2.55 </br> Share(%):      0.15'}, 'label': 'Others (1) partners', 'parent': 'Turkmenistan 1998 Export Partner Share ', 'value': 2.55}]"
1998,Mineral Products,"[{'color': '#eecc88', 'label': 'Turkmenistan 1998 Export Partner Share ', 'value': 12151.698999999999}, {'data': {'description': 'Trade Value($):9,242.85 </br> Share(%):     76.06'}, 'label': 'Azerbaijan', 'parent': 'Turkmenistan 1998 Export Partner Share ', 'value': 9242.845}, {'data': {'description': 'Trade Value($):2,066.55 </br> Share(%):     17.01'}, 'label': 'Uzbekistan', 'parent': 'Turkmenistan 1998 Export Partner Share ', 'value': 2066.552}, {'data': {'description': 'Trade Value($):312.48 </br> Share(%):      2.57'}, 'label': 'Afghanistan', 'parent': 'Turkmenistan 1998 Export Partner Share ', 'value': 312.475}, {'data': {'description': 'Trade Value($):221.50 </br> Share(%):      1.82'}, 'label': 'Iran, Islamic Rep.', 'parent': 'Turkmenistan 1998 Export Partner Share ', 'value': 221.496}, {'data': {'description': 'Trade Value($):174.02 </br> Share(%):      1.43'}, 'label': 'Russian Federation', 'parent': 'Turkmenistan 1998 Export Partner Share ', 'value': 174.018}, {'data': {'description': 'Trade Value($):134.31 </br> Share(%):      1.11'}, 'label': 'Others (3) partners', 'parent': 'Turkmenistan 1998 Export Partner Share ', 'value': 134.313}]"
1998,Products of the Chemical or Allied Industries,"[{'color': '#eecc88', 'label': 'Turkmenistan 1998 Export Partner Share ', 'value': 4153.2300000000005}, {'data': {'description': 'Trade Value($):1,442.56 </br> Share(%):     34.73'}, 'label': 'Afghanistan', 'parent': 'Turkmenistan 1998 Export Partner Share ', 'value': 1442.563}, {'data': {'description': 'Trade Value($):657.43 </br> Share(%):     15.83'}, 'label': 'Russian Federation', 'parent': 'Turkmenistan 1998 Export Partner Share ', 'value': 657.434}, {'data': {'description': 'Trade Value($):507.46 </br> Share(%):     12.22'}, 'label': 'Germany', 'parent': 'Turkmenistan 1998 Export Partner Share ', 'value': 507.462}, {'data': {'description': 'Trade Value($):419.48 </br> Share(%):     10.10'}, 'label': 'Uzbekistan', 'parent': 'Turkmenistan 1998 Export Partner Share ', 'value': 419.484}, {'data': {'description': 'Trade Value($):322.20 </br> Share(%):      7.76'}, 'label': 'Belgium-Luxembourg', 'parent': 'Turkmenistan 1998 Export Partner Share ', 'value': 322.204}, {'data': {'description': 'Trade Value($):804.08 </br> Share(%):     19.36'}, 'label': 'Others (8) partners', 'parent': 'Turkmenistan 1998 Export Partner Share ', 'value': 804.083}]"
1998,Plastics and Articles thereof; Rubber and Articles thereof,"[{'color': '#eecc88', 'label': 'Turkmenistan 1998 Export Partner Share ', 'value': 90.026}, {'data': {'description': 'Trade Value($):90.03 </br> Share(%):    100.00'}, 'label': 'Kazakhstan', 'parent': 'Turkmenistan 1998 Export Partner Share ', 'value': 90.026}]"
1998,"Raw Hides and Skins, Leather, Furskins, and Articles thereof; Saddlery and Harness; Travel Goods, Handbags, and Similar Containers; Articles of Animal Gut (Other than Silk-worm Gut)","[{'color': '#eecc88', 'label': 'Turkmenistan 1998 Export Partner Share ', 'value': 4285.0740000000005}, {'data': {'description': 'Trade Value($):2,746.43 </br> Share(%):     64.09'}, 'label': 'Turkey', 'parent': 'Turkmenistan 1998 Export Partner Share ', 'value': 2746.431}, {'data': {'description': 'Trade Value($):740.86 </br> Share(%):     17.29'}, 'label': 'Russian Federation', 'parent': 'Turkmenistan 1998 Export Partner Share ', 'value': 740.859}, {'data': {'description': 'Trade Value($):583.86 </br> Share(%):     13.63'}, 'label': 'China', 'parent': 'Turkmenistan 1998 Export Partner Share ', 'value': 583.864}, {'data': {'description': 'Trade Value($):175.22 </br> Share(%):      4.09'}, 'label': 'Afghanistan', 'parent': 'Turkmenistan 1998 Export Partner Share ', 'value': 175.223}, {'data': {'description': 'Trade Value($):31.00 </br> Share(%):      0.72'}, 'label': 'Lithuania', 'parent': 'Turkmenistan 1998 Export Partner Share ', 'value': 31}, {'data': {'description': 'Trade Value($):7.70 </br> Share(%):      0.18'}, 'label': 'Others (1) partners', 'parent': 'Turkmenistan 1998 Export Partner Share ', 'value': 7.697}]"
1998,"Wood and Articles of Wood; Wood Charcoal; Cork and Articles of Cork; Manufactures of Straw, of Esparto or of Other Plaiting Materials; Basketware and Wickerwork","[{'color': '#eecc88', 'label': 'Turkmenistan 1998 Export Partner Share ', 'value': 31.258}, {'data': {'description': 'Trade Value($):30.83 </br> Share(%):     98.63'}, 'label': 'Uzbekistan', 'parent': 'Turkmenistan 1998 Export Partner Share ', 'value': 30.83}, {'data': {'description': 'Trade Value($):.43 </br> Share(%):      1.37'}, 'label': 'Unspecified', 'parent': 'Turkmenistan 1998 Export Partner Share ', 'value': 0.428}]"
1998,Textiles and Textile Articles,"[{'color': '#eecc88', 'label': 'Turkmenistan 1998 Export Partner Share ', 'value': 209874.576}, {'data': {'description': 'Trade Value($):58,693.22 </br> Share(%):     27.97'}, 'label': 'Turkey', 'parent': 'Turkmenistan 1998 Export Partner Share ', 'value': 58693.221}, {'data': {'description': 'Trade Value($):49,029.15 </br> Share(%):     23.36'}, 'label': 'Switzerland', 'parent': 'Turkmenistan 1998 Export Partner Share ', 'value': 49029.151}, {'data': {'description': 'Trade Value($):19,730.59 </br> Share(%):      9.40'}, 'label': 'United Arab Emirates', 'parent': 'Turkmenistan 1998 Export Partner Share ', 'value': 19730.59}, {'data': {'description': 'Trade Value($):18,347.29 </br> Share(%):      8.74'}, 'label': 'Iran, Islamic Rep.', 'parent': 'Turkmenistan 1998 Export Partner Share ', 'value': 18347.293}, {'data': {'description': 'Trade Value($):16,280.31 </br> Share(%):      7.76'}, 'label': 'Russian Federation', 'parent': 'Turkmenistan 1998 Export Partner Share ', 'value': 16280.313}, {'data': {'description': 'Trade Value($):47,794.01 </br> Share(%):     22.77'}, 'label': 'Others (33) partners', 'parent': 'Turkmenistan 1998 Export Partner Share ', 'value': 47794.008}]"
1998,"Footwear, Headgear, Umbrellas, Sun Umbrellas, Walking-sticks, Seat-sticks, Whips, Riding-crops, and Parts thereof; Prepared Feathers and Articles Made therewith; Artificial Flowers; Articles of Human Hair","[{'color': '#eecc88', 'label': 'Turkmenistan 1998 Export Partner Share ', 'value': 480.252}, {'data': {'description': 'Trade Value($):480.25 </br> Share(%):    100.00'}, 'label': 'United Arab Emirates', 'parent': 'Turkmenistan 1998 Export Partner Share ', 'value': 480.252}]"
1998,"Articles of Stone, Plaster, Cement, Asbestos, Mica or Similar Materials; Ceramic Products; Glass and Glassware","[{'color': '#eecc88', 'label': 'Turkmenistan 1998 Export Partner Share ', 'value': 668.219}, {'data': {'description': 'Trade Value($):265.46 </br> Share(%):     39.73'}, 'label': 'Uzbekistan', 'parent': 'Turkmenistan 1998 Export Partner Share ', 'value': 265.462}, {'data': {'description': 'Trade Value($):168.41 </br> Share(%):     25.20'}, 'label': 'Kazakhstan', 'parent': 'Turkmenistan 1998 Export Partner Share ', 'value': 168.412}, {'data': {'description': 'Trade Value($):76.48 </br> Share(%):     11.45'}, 'label': 'Azerbaijan', 'parent': 'Turkmenistan 1998 Export Partner Share ', 'value': 76.484}, {'data': {'description': 'Trade Value($):51.90 </br> Share(%):      7.77'}, 'label': 'Afghanistan', 'parent': 'Turkmenistan 1998 Export Partner Share ', 'value': 51.904}, {'data': {'description': 'Trade Value($):44.63 </br> Share(%):      6.68'}, 'label': 'Tajikistan', 'parent': 'Turkmenistan 1998 Export Partner Share ', 'value': 44.628}, {'data': {'description': 'Trade Value($):61.33 </br> Share(%):      9.18'}, 'label': 'Others (2) partners', 'parent': 'Turkmenistan 1998 Export Partner Share ', 'value': 61.329}]"
1998,"Natural or Cultured Pearls, Precious or Semi-precious Stones, Precious Metals, Metals Clad with Precious Metal, and Articles thereof; Imitation Jewellery; Coin","[{'color': '#eecc88', 'label': 'Turkmenistan 1998 Export Partner Share ', 'value': 9216.247}, {'data': {'description': 'Trade Value($):4,277.41 </br> Share(%):     46.41'}, 'label': 'Uzbekistan', 'parent': 'Turkmenistan 1998 Export Partner Share ', 'value': 4277.413}, {'data': {'description': 'Trade Value($):1,534.92 </br> Share(%):     16.65'}, 'label': 'Azerbaijan', 'parent': 'Turkmenistan 1998 Export Partner Share ', 'value': 1534.918}, {'data': {'description': 'Trade Value($):844.91 </br> Share(%):      9.17'}, 'label': 'Italy', 'parent': 'Turkmenistan 1998 Export Partner Share ', 'value': 844.912}, {'data': {'description': 'Trade Value($):686.18 </br> Share(%):      7.45'}, 'label': 'Russian Federation', 'parent': 'Turkmenistan 1998 Export Partner Share ', 'value': 686.184}, {'data': {'description': 'Trade Value($):461.22 </br> Share(%):      5.00'}, 'label': 'Turkey', 'parent': 'Turkmenistan 1998 Export Partner Share ', 'value': 461.218}, {'data': {'description': 'Trade Value($):1,411.60 </br> Share(%):     15.32'}, 'label': 'Others (7) partners', 'parent': 'Turkmenistan 1998 Export Partner Share ', 'value': 1411.602}]"
1998,Base Metals and Articles of Base Metal,"[{'color': '#eecc88', 'label': 'Turkmenistan 1998 Export Partner Share ', 'value': 5367.951}, {'data': {'description': 'Trade Value($):2,210.86 </br> Share(%):     41.19'}, 'label': 'Uzbekistan', 'parent': 'Turkmenistan 1998 Export Partner Share ', 'value': 2210.861}, {'data': {'description': 'Trade Value($):844.91 </br> Share(%):     15.74'}, 'label': 'Italy', 'parent': 'Turkmenistan 1998 Export Partner Share ', 'value': 844.912}, {'data': {'description': 'Trade Value($):512.17 </br> Share(%):      9.54'}, 'label': 'Russian Federation', 'parent': 'Turkmenistan 1998 Export Partner Share ', 'value': 512.166}, {'data': {'description': 'Trade Value($):461.22 </br> Share(%):      8.59'}, 'label': 'Turkey', 'parent': 'Turkmenistan 1998 Export Partner Share ', 'value': 461.218}, {'data': {'description': 'Trade Value($):339.70 </br> Share(%):      6.33'}, 'label': 'Azerbaijan', 'parent': 'Turkmenistan 1998 Export Partner Share ', 'value': 339.699}, {'data': {'description': 'Trade Value($):999.10 </br> Share(%):     18.61'}, 'label': 'Others (6) partners', 'parent': 'Turkmenistan 1998 Export Partner Share ', 'value': 999.095}]"
1998,"Machinery and Mechanical Appliances; Electrical Equipment; Parts thereof; Sound Recorders and Reproducers, Television Image and Sound Recorders and Reproducers, and Parts and Accessories of such Articles","[{'color': '#eecc88', 'label': 'Turkmenistan 1998 Export Partner Share ', 'value': 905.6679999999999}, {'data': {'description': 'Trade Value($):348.94 </br> Share(%):     38.53'}, 'label': 'Uzbekistan', 'parent': 'Turkmenistan 1998 Export Partner Share ', 'value': 348.937}, {'data': {'description': 'Trade Value($):231.70 </br> Share(%):     25.58'}, 'label': 'Russian Federation', 'parent': 'Turkmenistan 1998 Export Partner Share ', 'value': 231.698}, {'data': {'description': 'Trade Value($):91.61 </br> Share(%):     10.11'}, 'label': 'Belarus', 'parent': 'Turkmenistan 1998 Export Partner Share ', 'value': 91.608}, {'data': {'description': 'Trade Value($):68.55 </br> Share(%):      7.57'}, 'label': 'Kazakhstan', 'parent': 'Turkmenistan 1998 Export Partner Share ', 'value': 68.547}, {'data': {'description': 'Trade Value($):58.18 </br> Share(%):      6.42'}, 'label': 'Ukraine', 'parent': 'Turkmenistan 1998 Export Partner Share ', 'value': 58.179}, {'data': {'description': 'Trade Value($):106.70 </br> Share(%):     11.78'}, 'label': 'Others (7) partners', 'parent': 'Turkmenistan 1998 Export Partner Share ', 'value': 106.699}]"
1998,"Vehicles, Aircraft, Vessels, and Associated Transport Equipment","[{'color': '#eecc88', 'label': 'Turkmenistan 1998 Export Partner Share ', 'value': 195.906}, {'data': {'description': 'Trade Value($):110.88 </br> Share(%):     56.60'}, 'label': 'Ukraine', 'parent': 'Turkmenistan 1998 Export Partner Share ', 'value': 110.884}, {'data': {'description': 'Trade Value($):85.02 </br> Share(%):     43.40'}, 'label': 'China', 'parent': 'Turkmenistan 1998 Export Partner Share ', 'value': 85.022}]"
1998,"Optical, Photographic, Cinematographic, Measuring, Checking, Precision, Medical or Surgical Instruments and Apparatus; Clocks and Watches; Musical Instruments; Parts and Accessories thereof","[{'color': '#eecc88', 'label': 'Turkmenistan 1998 Export Partner Share ', 'value': 80372.428}, {'data': {'description': 'Trade Value($):38,684.80 </br> Share(%):     48.13'}, 'label': 'Turkey', 'parent': 'Turkmenistan 1998 Export Partner Share ', 'value': 38684.795}, {'data': {'description': 'Trade Value($):13,588.31 </br> Share(%):     16.91'}, 'label': 'Russian Federation', 'parent': 'Turkmenistan 1998 Export Partner Share ', 'value': 13588.314}, {'data': {'description': 'Trade Value($):8,894.74 </br> Share(%):     11.07'}, 'label': 'Azerbaijan', 'parent': 'Turkmenistan 1998 Export Partner Share ', 'value': 8894.738}, {'data': {'description': 'Trade Value($):6,039.67 </br> Share(%):      7.51'}, 'label': 'Germany', 'parent': 'Turkmenistan 1998 Export Partner Share ', 'value': 6039.673}, {'data': {'description': 'Trade Value($):2,231.35 </br> Share(%):      2.78'}, 'label': 'Afghanistan', 'parent': 'Turkmenistan 1998 Export Partner Share ', 'value': 2231.35}, {'data': {'description': 'Trade Value($):10,933.56 </br> Share(%):     13.60'}, 'label': 'Others (24) partners', 'parent': 'Turkmenistan 1998 Export Partner Share ', 'value': 10933.558}]"
1998,Miscellaneous Manufactured Articles,"[{'color': '#eecc88', 'label': 'Turkmenistan 1998 Export Partner Share ', 'value': 117.71400000000001}, {'data': {'description': 'Trade Value($):108.36 </br> Share(%):     92.05'}, 'label': 'Afghanistan', 'parent': 'Turkmenistan 1998 Export Partner Share ', 'value': 108.358}, {'data': {'description': 'Trade Value($):7.44 </br> Share(%):      6.32'}, 'label': 'Turkey', 'parent': 'Turkmenistan 1998 Export Partner Share ', 'value': 7.436}, {'data': {'description': 'Trade Value($):1.92 </br> Share(%):      1.63'}, 'label': 'Russian Federation', 'parent': 'Turkmenistan 1998 Export Partner Share ', 'value': 1.92}]"
1999,Animals & Animal Products,"[{'color': '#eecc88', 'label': 'Turkmenistan 1999 Export Partner Share ', 'value': 2518.7299999999996}, {'data': {'description': 'Trade Value($):1,921.39 </br> Share(%):     76.28'}, 'label': 'Thailand', 'parent': 'Turkmenistan 1999 Export Partner Share ', 'value': 1921.389}, {'data': {'description': 'Trade Value($):314.67 </br> Share(%):     12.49'}, 'label': 'China', 'parent': 'Turkmenistan 1999 Export Partner Share ', 'value': 314.67}, {'data': {'description': 'Trade Value($):89.50 </br> Share(%):      3.55'}, 'label': 'United States', 'parent': 'Turkmenistan 1999 Export Partner Share ', 'value': 89.498}, {'data': {'description': 'Trade Value($):81.22 </br> Share(%):      3.22'}, 'label': 'Turkey', 'parent': 'Turkmenistan 1999 Export Partner Share ', 'value': 81.216}, {'data': {'description': 'Trade Value($):64.47 </br> Share(%):      2.56'}, 'label': 'Afghanistan', 'parent': 'Turkmenistan 1999 Export Partner Share ', 'value': 64.471}, {'data': {'description': 'Trade Value($):47.49 </br> Share(%):      1.89'}, 'label': 'Others (4) partners', 'parent': 'Turkmenistan 1999 Export Partner Share ', 'value': 47.486}]"
1999,Vegetable Products,"[{'color': '#eecc88', 'label': 'Turkmenistan 1999 Export Partner Share ', 'value': 7388.403}, {'data': {'description': 'Trade Value($):2,299.92 </br> Share(%):     31.13'}, 'label': 'China', 'parent': 'Turkmenistan 1999 Export Partner Share ', 'value': 2299.922}, {'data': {'description': 'Trade Value($):1,430.77 </br> Share(%):     19.37'}, 'label': 'Russian Federation', 'parent': 'Turkmenistan 1999 Export Partner Share ', 'value': 1430.767}, {'data': {'description': 'Trade Value($):996.89 </br> Share(%):     13.49'}, 'label': 'Iran, Islamic Rep.', 'parent': 'Turkmenistan 1999 Export Partner Share ', 'value': 996.891}, {'data': {'description': 'Trade Value($):374.75 </br> Share(%):      5.07'}, 'label': 'Afghanistan', 'parent': 'Turkmenistan 1999 Export Partner Share ', 'value': 374.747}, {'data': {'description': 'Trade Value($):370.01 </br> Share(%):      5.01'}, 'label': 'Turkey', 'parent': 'Turkmenistan 1999 Export Partner Share ', 'value': 370.013}, {'data': {'description': 'Trade Value($):1,916.06 </br> Share(%):     25.93'}, 'label': 'Others (18) partners', 'parent': 'Turkmenistan 1999 Export Partner Share ', 'value': 1916.063}]"
1999,"Prepared Foodstuffs; Beverages, Spirits, Vinegar, Tobacco and Manufactured Tobacco Substitutes","[{'color': '#eecc88', 'label': 'Turkmenistan 1999 Export Partner Share ', 'value': 680.982}, {'data': {'description': 'Trade Value($):486.81 </br> Share(%):     71.49'}, 'label': 'Iran, Islamic Rep.', 'parent': 'Turkmenistan 1999 Export Partner Share ', 'value': 486.808}, {'data': {'description': 'Trade Value($):170.98 </br> Share(%):     25.11'}, 'label': 'Russian Federation', 'parent': 'Turkmenistan 1999 Export Partner Share ', 'value': 170.975}, {'data': {'description': 'Trade Value($):23.00 </br> Share(%):      3.38'}, 'label': 'Kyrgyz Republic', 'parent': 'Turkmenistan 1999 Export Partner Share ', 'value': 23}, {'data': {'description': 'Trade Value($):.20 </br> Share(%):      0.03'}, 'label': 'Unspecified', 'parent': 'Turkmenistan 1999 Export Partner Share ', 'value': 0.199}]"
1999,Mineral Products,"[{'color': '#eecc88', 'label': 'Turkmenistan 1999 Export Partner Share ', 'value': 4066.1649999999995}, {'data': {'description': 'Trade Value($):2,277.75 </br> Share(%):     56.02'}, 'label': 'Uzbekistan', 'parent': 'Turkmenistan 1999 Export Partner Share ', 'value': 2277.749}, {'data': {'description': 'Trade Value($):1,529.44 </br> Share(%):     37.61'}, 'label': 'Azerbaijan', 'parent': 'Turkmenistan 1999 Export Partner Share ', 'value': 1529.444}, {'data': {'description': 'Trade Value($):171.37 </br> Share(%):      4.21'}, 'label': 'Iran, Islamic Rep.', 'parent': 'Turkmenistan 1999 Export Partner Share ', 'value': 171.371}, {'data': {'description': 'Trade Value($):41.37 </br> Share(%):      1.02'}, 'label': 'Tajikistan', 'parent': 'Turkmenistan 1999 Export Partner Share ', 'value': 41.368}, {'data': {'description': 'Trade Value($):32.48 </br> Share(%):      0.80'}, 'label': 'Afghanistan', 'parent': 'Turkmenistan 1999 Export Partner Share ', 'value': 32.475}, {'data': {'description': 'Trade Value($):13.76 </br> Share(%):      0.34'}, 'label': 'Others (3) partners', 'parent': 'Turkmenistan 1999 Export Partner Share ', 'value': 13.758}]"
1999,Products of the Chemical or Allied Industries,"[{'color': '#eecc88', 'label': 'Turkmenistan 1999 Export Partner Share ', 'value': 7446.284000000001}, {'data': {'description': 'Trade Value($):2,285.71 </br> Share(%):     30.70'}, 'label': 'Russian Federation', 'parent': 'Turkmenistan 1999 Export Partner Share ', 'value': 2285.709}, {'data': {'description': 'Trade Value($):1,829.83 </br> Share(%):     24.57'}, 'label': 'Afghanistan', 'parent': 'Turkmenistan 1999 Export Partner Share ', 'value': 1829.828}, {'data': {'description': 'Trade Value($):1,164.74 </br> Share(%):     15.64'}, 'label': 'Uzbekistan', 'parent': 'Turkmenistan 1999 Export Partner Share ', 'value': 1164.736}, {'data': {'description': 'Trade Value($):735.34 </br> Share(%):      9.88'}, 'label': 'Iran, Islamic Rep.', 'parent': 'Turkmenistan 1999 Export Partner Share ', 'value': 735.343}, {'data': {'description': 'Trade Value($):509.20 </br> Share(%):      6.84'}, 'label': 'Tajikistan', 'parent': 'Turkmenistan 1999 Export Partner Share ', 'value': 509.202}, {'data': {'description': 'Trade Value($):921.47 </br> Share(%):     12.37'}, 'label': 'Others (11) partners', 'parent': 'Turkmenistan 1999 Export Partner Share ', 'value': 921.466}]"
1999,Plastics and Articles thereof; Rubber and Articles thereof,"[{'color': '#eecc88', 'label': 'Turkmenistan 1999 Export Partner Share ', 'value': 127.89099999999999}, {'data': {'description': 'Trade Value($):71.41 </br> Share(%):     55.84'}, 'label': 'Kazakhstan', 'parent': 'Turkmenistan 1999 Export Partner Share ', 'value': 71.412}, {'data': {'description': 'Trade Value($):41.55 </br> Share(%):     32.49'}, 'label': 'Uzbekistan', 'parent': 'Turkmenistan 1999 Export Partner Share ', 'value': 41.55}, {'data': {'description': 'Trade Value($):8.10 </br> Share(%):      6.33'}, 'label': 'Iran, Islamic Rep.', 'parent': 'Turkmenistan 1999 Export Partner Share ', 'value': 8.1}, {'data': {'description': 'Trade Value($):6.60 </br> Share(%):      5.16'}, 'label': 'Germany', 'parent': 'Turkmenistan 1999 Export Partner Share ', 'value': 6.6}, {'data': {'description': 'Trade Value($):.23 </br> Share(%):      0.18'}, 'label': 'Unspecified', 'parent': 'Turkmenistan 1999 Export Partner Share ', 'value': 0.229}]"
1999,"Raw Hides and Skins, Leather, Furskins, and Articles thereof; Saddlery and Harness; Travel Goods, Handbags, and Similar Containers; Articles of Animal Gut (Other than Silk-worm Gut)","[{'color': '#eecc88', 'label': 'Turkmenistan 1999 Export Partner Share ', 'value': 2515.157}, {'data': {'description': 'Trade Value($):1,515.59 </br> Share(%):     60.26'}, 'label': 'Turkey', 'parent': 'Turkmenistan 1999 Export Partner Share ', 'value': 1515.594}, {'data': {'description': 'Trade Value($):426.07 </br> Share(%):     16.94'}, 'label': 'Russian Federation', 'parent': 'Turkmenistan 1999 Export Partner Share ', 'value': 426.074}, {'data': {'description': 'Trade Value($):284.95 </br> Share(%):     11.33'}, 'label': 'China', 'parent': 'Turkmenistan 1999 Export Partner Share ', 'value': 284.953}, {'data': {'description': 'Trade Value($):173.26 </br> Share(%):      6.89'}, 'label': 'Afghanistan', 'parent': 'Turkmenistan 1999 Export Partner Share ', 'value': 173.257}, {'data': {'description': 'Trade Value($):48.09 </br> Share(%):      1.91'}, 'label': 'Ukraine', 'parent': 'Turkmenistan 1999 Export Partner Share ', 'value': 48.091}, {'data': {'description': 'Trade Value($):67.19 </br> Share(%):      2.67'}, 'label': 'Others (7) partners', 'parent': 'Turkmenistan 1999 Export Partner Share ', 'value': 67.188}]"
1999,"Wood and Articles of Wood; Wood Charcoal; Cork and Articles of Cork; Manufactures of Straw, of Esparto or of Other Plaiting Materials; Basketware and Wickerwork","[{'color': '#eecc88', 'label': 'Turkmenistan 1999 Export Partner Share ', 'value': 18.487}, {'data': {'description': 'Trade Value($):15.33 </br> Share(%):     82.93'}, 'label': 'Turkey', 'parent': 'Turkmenistan 1999 Export Partner Share ', 'value': 15.332}, {'data': {'description': 'Trade Value($):2.69 </br> Share(%):     14.54'}, 'label': 'France', 'parent': 'Turkmenistan 1999 Export Partner Share ', 'value': 2.688}, {'data': {'description': 'Trade Value($):.47 </br> Share(%):      2.53'}, 'label': 'Unspecified', 'parent': 'Turkmenistan 1999 Export Partner Share ', 'value': 0.467}]"
1999,Textiles and Textile Articles,"[{'color': '#eecc88', 'label': 'Turkmenistan 1999 Export Partner Share ', 'value': 332020.268}, {'data': {'description': 'Trade Value($):84,625.08 </br> Share(%):     25.49'}, 'label': 'Turkey', 'parent': 'Turkmenistan 1999 Export Partner Share ', 'value': 84625.078}, {'data': {'description': 'Trade Value($):65,617.41 </br> Share(%):     19.76'}, 'label': 'Switzerland', 'parent': 'Turkmenistan 1999 Export Partner Share ', 'value': 65617.406}, {'data': {'description': 'Trade Value($):46,087.34 </br> Share(%):     13.88'}, 'label': 'Iran, Islamic Rep.', 'parent': 'Turkmenistan 1999 Export Partner Share ', 'value': 46087.342}, {'data': {'description': 'Trade Value($):29,870.92 </br> Share(%):      9.00'}, 'label': 'Russian Federation', 'parent': 'Turkmenistan 1999 Export Partner Share ', 'value': 29870.922}, {'data': {'description': 'Trade Value($):28,397.29 </br> Share(%):      8.55'}, 'label': 'United Arab Emirates', 'parent': 'Turkmenistan 1999 Export Partner Share ', 'value': 28397.285}, {'data': {'description': 'Trade Value($):77,422.24 </br> Share(%):     23.32'}, 'label': 'Others (38) partners', 'parent': 'Turkmenistan 1999 Export Partner Share ', 'value': 77422.235}]"
1999,"Footwear, Headgear, Umbrellas, Sun Umbrellas, Walking-sticks, Seat-sticks, Whips, Riding-crops, and Parts thereof; Prepared Feathers and Articles Made therewith; Artificial Flowers; Articles of Human Hair","[{'color': '#eecc88', 'label': 'Turkmenistan 1999 Export Partner Share ', 'value': 194.57799999999997}, {'data': {'description': 'Trade Value($):194.25 </br> Share(%):     99.83'}, 'label': 'Russian Federation', 'parent': 'Turkmenistan 1999 Export Partner Share ', 'value': 194.253}, {'data': {'description': 'Trade Value($):.33 </br> Share(%):      0.17'}, 'label': 'Unspecified', 'parent': 'Turkmenistan 1999 Export Partner Share ', 'value': 0.325}]"
1999,"Articles of Stone, Plaster, Cement, Asbestos, Mica or Similar Materials; Ceramic Products; Glass and Glassware","[{'color': '#eecc88', 'label': 'Turkmenistan 1999 Export Partner Share ', 'value': 3507.844}, {'data': {'description': 'Trade Value($):2,861.64 </br> Share(%):     81.58'}, 'label': 'Germany', 'parent': 'Turkmenistan 1999 Export Partner Share ', 'value': 2861.642}, {'data': {'description': 'Trade Value($):325.00 </br> Share(%):      9.27'}, 'label': 'United States', 'parent': 'Turkmenistan 1999 Export Partner Share ', 'value': 325.003}, {'data': {'description': 'Trade Value($):183.17 </br> Share(%):      5.22'}, 'label': 'United Arab Emirates', 'parent': 'Turkmenistan 1999 Export Partner Share ', 'value': 183.17}, {'data': {'description': 'Trade Value($):82.12 </br> Share(%):      2.34'}, 'label': 'Afghanistan', 'parent': 'Turkmenistan 1999 Export Partner Share ', 'value': 82.123}, {'data': {'description': 'Trade Value($):37.95 </br> Share(%):      1.08'}, 'label': 'Uzbekistan', 'parent': 'Turkmenistan 1999 Export Partner Share ', 'value': 37.945}, {'data': {'description': 'Trade Value($):17.96 </br> Share(%):      0.51'}, 'label': 'Others (3) partners', 'parent': 'Turkmenistan 1999 Export Partner Share ', 'value': 17.961}]"
1999,"Natural or Cultured Pearls, Precious or Semi-precious Stones, Precious Metals, Metals Clad with Precious Metal, and Articles thereof; Imitation Jewellery; Coin","[{'color': '#eecc88', 'label': 'Turkmenistan 1999 Export Partner Share ', 'value': 8446.841999999999}, {'data': {'description': 'Trade Value($):2,861.64 </br> Share(%):     33.88'}, 'label': 'Germany', 'parent': 'Turkmenistan 1999 Export Partner Share ', 'value': 2861.642}, {'data': {'description': 'Trade Value($):2,516.04 </br> Share(%):     29.79'}, 'label': 'Uzbekistan', 'parent': 'Turkmenistan 1999 Export Partner Share ', 'value': 2516.04}, {'data': {'description': 'Trade Value($):1,208.34 </br> Share(%):     14.31'}, 'label': 'Azerbaijan', 'parent': 'Turkmenistan 1999 Export Partner Share ', 'value': 1208.341}, {'data': {'description': 'Trade Value($):560.62 </br> Share(%):      6.64'}, 'label': 'Iran, Islamic Rep.', 'parent': 'Turkmenistan 1999 Export Partner Share ', 'value': 560.616}, {'data': {'description': 'Trade Value($):530.53 </br> Share(%):      6.28'}, 'label': 'Russian Federation', 'parent': 'Turkmenistan 1999 Export Partner Share ', 'value': 530.532}, {'data': {'description': 'Trade Value($):769.67 </br> Share(%):      9.11'}, 'label': 'Others (6) partners', 'parent': 'Turkmenistan 1999 Export Partner Share ', 'value': 769.671}]"
1999,Base Metals and Articles of Base Metal,"[{'color': '#eecc88', 'label': 'Turkmenistan 1999 Export Partner Share ', 'value': 2795.335}, {'data': {'description': 'Trade Value($):579.55 </br> Share(%):     20.73'}, 'label': 'Iran, Islamic Rep.', 'parent': 'Turkmenistan 1999 Export Partner Share ', 'value': 579.552}, {'data': {'description': 'Trade Value($):526.23 </br> Share(%):     18.83'}, 'label': 'Russian Federation', 'parent': 'Turkmenistan 1999 Export Partner Share ', 'value': 526.23}, {'data': {'description': 'Trade Value($):525.68 </br> Share(%):     18.81'}, 'label': 'Turkey', 'parent': 'Turkmenistan 1999 Export Partner Share ', 'value': 525.682}, {'data': {'description': 'Trade Value($):282.46 </br> Share(%):     10.10'}, 'label': 'Azerbaijan', 'parent': 'Turkmenistan 1999 Export Partner Share ', 'value': 282.455}, {'data': {'description': 'Trade Value($):277.28 </br> Share(%):      9.92'}, 'label': 'Uzbekistan', 'parent': 'Turkmenistan 1999 Export Partner Share ', 'value': 277.283}, {'data': {'description': 'Trade Value($):604.13 </br> Share(%):     21.61'}, 'label': 'Others (8) partners', 'parent': 'Turkmenistan 1999 Export Partner Share ', 'value': 604.133}]"
1999,"Machinery and Mechanical Appliances; Electrical Equipment; Parts thereof; Sound Recorders and Reproducers, Television Image and Sound Recorders and Reproducers, and Parts and Accessories of such Articles","[{'color': '#eecc88', 'label': 'Turkmenistan 1999 Export Partner Share ', 'value': 573.0699999999999}, {'data': {'description': 'Trade Value($):117.51 </br> Share(%):     20.50'}, 'label': 'Uzbekistan', 'parent': 'Turkmenistan 1999 Export Partner Share ', 'value': 117.508}, {'data': {'description': 'Trade Value($):79.27 </br> Share(%):     13.83'}, 'label': 'Germany', 'parent': 'Turkmenistan 1999 Export Partner Share ', 'value': 79.273}, {'data': {'description': 'Trade Value($):74.48 </br> Share(%):     13.00'}, 'label': 'Singapore', 'parent': 'Turkmenistan 1999 Export Partner Share ', 'value': 74.475}, {'data': {'description': 'Trade Value($):62.20 </br> Share(%):     10.85'}, 'label': 'Afghanistan', 'parent': 'Turkmenistan 1999 Export Partner Share ', 'value': 62.201}, {'data': {'description': 'Trade Value($):47.00 </br> Share(%):      8.20'}, 'label': 'Malaysia', 'parent': 'Turkmenistan 1999 Export Partner Share ', 'value': 47}, {'data': {'description': 'Trade Value($):192.61 </br> Share(%):     33.61'}, 'label': 'Others (11) partners', 'parent': 'Turkmenistan 1999 Export Partner Share ', 'value': 192.613}]"
1999,"Vehicles, Aircraft, Vessels, and Associated Transport Equipment","[{'color': '#eecc88', 'label': 'Turkmenistan 1999 Export Partner Share ', 'value': 18238.442}, {'data': {'description': 'Trade Value($):17,402.30 </br> Share(%):     95.42'}, 'label': 'Georgia', 'parent': 'Turkmenistan 1999 Export Partner Share ', 'value': 17402.299}, {'data': {'description': 'Trade Value($):266.89 </br> Share(%):      1.46'}, 'label': 'Kazakhstan', 'parent': 'Turkmenistan 1999 Export Partner Share ', 'value': 266.888}, {'data': {'description': 'Trade Value($):226.96 </br> Share(%):      1.24'}, 'label': 'Ukraine', 'parent': 'Turkmenistan 1999 Export Partner Share ', 'value': 226.96}, {'data': {'description': 'Trade Value($):184.86 </br> Share(%):      1.01'}, 'label': 'Russian Federation', 'parent': 'Turkmenistan 1999 Export Partner Share ', 'value': 184.857}, {'data': {'description': 'Trade Value($):109.88 </br> Share(%):      0.60'}, 'label': 'Uzbekistan', 'parent': 'Turkmenistan 1999 Export Partner Share ', 'value': 109.88}, {'data': {'description': 'Trade Value($):47.56 </br> Share(%):      0.26'}, 'label': 'Others (7) partners', 'parent': 'Turkmenistan 1999 Export Partner Share ', 'value': 47.558}]"
1999,"Optical, Photographic, Cinematographic, Measuring, Checking, Precision, Medical or Surgical Instruments and Apparatus; Clocks and Watches; Musical Instruments; Parts and Accessories thereof","[{'color': '#eecc88', 'label': 'Turkmenistan 1999 Export Partner Share ', 'value': 142093.272}, {'data': {'description': 'Trade Value($):74,604.85 </br> Share(%):     52.50'}, 'label': 'Turkey', 'parent': 'Turkmenistan 1999 Export Partner Share ', 'value': 74604.852}, {'data': {'description': 'Trade Value($):21,880.27 </br> Share(%):     15.40'}, 'label': 'Russian Federation', 'parent': 'Turkmenistan 1999 Export Partner Share ', 'value': 21880.268}, {'data': {'description': 'Trade Value($):17,436.08 </br> Share(%):     12.27'}, 'label': 'Georgia', 'parent': 'Turkmenistan 1999 Export Partner Share ', 'value': 17436.079}, {'data': {'description': 'Trade Value($):7,084.45 </br> Share(%):      4.99'}, 'label': 'Iran, Islamic Rep.', 'parent': 'Turkmenistan 1999 Export Partner Share ', 'value': 7084.448}, {'data': {'description': 'Trade Value($):3,589.46 </br> Share(%):      2.53'}, 'label': 'Afghanistan', 'parent': 'Turkmenistan 1999 Export Partner Share ', 'value': 3589.458}, {'data': {'description': 'Trade Value($):17,498.17 </br> Share(%):     12.31'}, 'label': 'Others (33) partners', 'parent': 'Turkmenistan 1999 Export Partner Share ', 'value': 17498.167}]"
1999,Miscellaneous Manufactured Articles,"[{'color': '#eecc88', 'label': 'Turkmenistan 1999 Export Partner Share ', 'value': 43580.102999999996}, {'data': {'description': 'Trade Value($):43,501.40 </br> Share(%):     99.82'}, 'label': 'Unspecified', 'parent': 'Turkmenistan 1999 Export Partner Share ', 'value': 43501.404}, {'data': {'description': 'Trade Value($):45.95 </br> Share(%):      0.11'}, 'label': 'Norway', 'parent': 'Turkmenistan 1999 Export Partner Share ', 'value': 45.952}, {'data': {'description': 'Trade Value($):11.41 </br> Share(%):      0.03'}, 'label': 'Armenia', 'parent': 'Turkmenistan 1999 Export Partner Share ', 'value': 11.414}, {'data': {'description': 'Trade Value($):9.00 </br> Share(%):      0.02'}, 'label': 'Russian Federation', 'parent': 'Turkmenistan 1999 Export Partner Share ', 'value': 9}, {'data': {'description': 'Trade Value($):6.79 </br> Share(%):      0.02'}, 'label': 'United Arab Emirates', 'parent': 'Turkmenistan 1999 Export Partner Share ', 'value': 6.789}, {'data': {'description': 'Trade Value($):5.54 </br> Share(%):      0.01'}, 'label': 'Others (3) partners', 'parent': 'Turkmenistan 1999 Export Partner Share ', 'value': 5.544}]"
2000,Animals & Animal Products,"[{'color': '#eecc88', 'label': 'Turkmenistan 2000 Export Partner Share ', 'value': 742.7149999999999}, {'data': {'description': 'Trade Value($):415.79 </br> Share(%):     55.98'}, 'label': 'Thailand', 'parent': 'Turkmenistan 2000 Export Partner Share ', 'value': 415.786}, {'data': {'description': 'Trade Value($):107.31 </br> Share(%):     14.45'}, 'label': 'Turkey', 'parent': 'Turkmenistan 2000 Export Partner Share ', 'value': 107.307}, {'data': {'description': 'Trade Value($):66.00 </br> Share(%):      8.89'}, 'label': 'Azerbaijan', 'parent': 'Turkmenistan 2000 Export Partner Share ', 'value': 66}, {'data': {'description': 'Trade Value($):61.13 </br> Share(%):      8.23'}, 'label': 'Pakistan', 'parent': 'Turkmenistan 2000 Export Partner Share ', 'value': 61.126}, {'data': {'description': 'Trade Value($):53.17 </br> Share(%):      7.16'}, 'label': 'Uzbekistan', 'parent': 'Turkmenistan 2000 Export Partner Share ', 'value': 53.165}, {'data': {'description': 'Trade Value($):39.33 </br> Share(%):      5.30'}, 'label': 'Others (4) partners', 'parent': 'Turkmenistan 2000 Export Partner Share ', 'value': 39.331}]"
2000,Vegetable Products,"[{'color': '#eecc88', 'label': 'Turkmenistan 2000 Export Partner Share ', 'value': 14600.054}, {'data': {'description': 'Trade Value($):5,833.17 </br> Share(%):     39.95'}, 'label': 'China', 'parent': 'Turkmenistan 2000 Export Partner Share ', 'value': 5833.17}, {'data': {'description': 'Trade Value($):2,522.60 </br> Share(%):     17.28'}, 'label': 'Afghanistan', 'parent': 'Turkmenistan 2000 Export Partner Share ', 'value': 2522.603}, {'data': {'description': 'Trade Value($):2,140.53 </br> Share(%):     14.66'}, 'label': 'Turkey', 'parent': 'Turkmenistan 2000 Export Partner Share ', 'value': 2140.527}, {'data': {'description': 'Trade Value($):2,111.99 </br> Share(%):     14.47'}, 'label': 'Russian Federation', 'parent': 'Turkmenistan 2000 Export Partner Share ', 'value': 2111.99}, {'data': {'description': 'Trade Value($):699.26 </br> Share(%):      4.79'}, 'label': 'Iran, Islamic Rep.', 'parent': 'Turkmenistan 2000 Export Partner Share ', 'value': 699.259}, {'data': {'description': 'Trade Value($):1,292.51 </br> Share(%):      8.85'}, 'label': 'Others (12) partners', 'parent': 'Turkmenistan 2000 Export Partner Share ', 'value': 1292.505}]"
2000,"Prepared Foodstuffs; Beverages, Spirits, Vinegar, Tobacco and Manufactured Tobacco Substitutes","[{'color': '#eecc88', 'label': 'Turkmenistan 2000 Export Partner Share ', 'value': 1353.3390000000002}, {'data': {'description': 'Trade Value($):803.37 </br> Share(%):     59.36'}, 'label': 'Afghanistan', 'parent': 'Turkmenistan 2000 Export Partner Share ', 'value': 803.368}, {'data': {'description': 'Trade Value($):370.91 </br> Share(%):     27.41'}, 'label': 'Iran, Islamic Rep.', 'parent': 'Turkmenistan 2000 Export Partner Share ', 'value': 370.908}, {'data': {'description': 'Trade Value($):151.77 </br> Share(%):     11.21'}, 'label': 'Russian Federation', 'parent': 'Turkmenistan 2000 Export Partner Share ', 'value': 151.774}, {'data': {'description': 'Trade Value($):15.99 </br> Share(%):      1.18'}, 'label': 'United Arab Emirates', 'parent': 'Turkmenistan 2000 Export Partner Share ', 'value': 15.991}, {'data': {'description': 'Trade Value($):11.30 </br> Share(%):      0.83'}, 'label': 'United States', 'parent': 'Turkmenistan 2000 Export Partner Share ', 'value': 11.298}]"
2000,Mineral Products,"[{'color': '#eecc88', 'label': 'Turkmenistan 2000 Export Partner Share ', 'value': 2001.205}, {'data': {'description': 'Trade Value($):1,081.17 </br> Share(%):     54.03'}, 'label': 'Uzbekistan', 'parent': 'Turkmenistan 2000 Export Partner Share ', 'value': 1081.17}, {'data': {'description': 'Trade Value($):716.48 </br> Share(%):     35.80'}, 'label': 'Azerbaijan', 'parent': 'Turkmenistan 2000 Export Partner Share ', 'value': 716.48}, {'data': {'description': 'Trade Value($):148.77 </br> Share(%):      7.43'}, 'label': 'Afghanistan', 'parent': 'Turkmenistan 2000 Export Partner Share ', 'value': 148.769}, {'data': {'description': 'Trade Value($):32.17 </br> Share(%):      1.61'}, 'label': 'Tajikistan', 'parent': 'Turkmenistan 2000 Export Partner Share ', 'value': 32.165}, {'data': {'description': 'Trade Value($):22.62 </br> Share(%):      1.13'}, 'label': 'Russian Federation', 'parent': 'Turkmenistan 2000 Export Partner Share ', 'value': 22.62}, {'data': {'description': 'Trade Value($):.00 </br> Share(%):      0.00'}, 'label': 'Others (1) partners', 'parent': 'Turkmenistan 2000 Export Partner Share ', 'value': 0.001}]"
2000,Products of the Chemical or Allied Industries,"[{'color': '#eecc88', 'label': 'Turkmenistan 2000 Export Partner Share ', 'value': 11260.053}, {'data': {'description': 'Trade Value($):4,410.42 </br> Share(%):     39.17'}, 'label': 'Russian Federation', 'parent': 'Turkmenistan 2000 Export Partner Share ', 'value': 4410.415}, {'data': {'description': 'Trade Value($):1,894.90 </br> Share(%):     16.83'}, 'label': 'Afghanistan', 'parent': 'Turkmenistan 2000 Export Partner Share ', 'value': 1894.903}, {'data': {'description': 'Trade Value($):1,852.82 </br> Share(%):     16.45'}, 'label': 'United Kingdom', 'parent': 'Turkmenistan 2000 Export Partner Share ', 'value': 1852.819}, {'data': {'description': 'Trade Value($):1,038.30 </br> Share(%):      9.22'}, 'label': 'Iran, Islamic Rep.', 'parent': 'Turkmenistan 2000 Export Partner Share ', 'value': 1038.301}, {'data': {'description': 'Trade Value($):939.03 </br> Share(%):      8.34'}, 'label': 'Uzbekistan', 'parent': 'Turkmenistan 2000 Export Partner Share ', 'value': 939.026}, {'data': {'description': 'Trade Value($):1,124.59 </br> Share(%):      9.99'}, 'label': 'Others (14) partners', 'parent': 'Turkmenistan 2000 Export Partner Share ', 'value': 1124.589}]"
2000,Plastics and Articles thereof; Rubber and Articles thereof,"[{'color': '#eecc88', 'label': 'Turkmenistan 2000 Export Partner Share ', 'value': 155.50500000000002}, {'data': {'description': 'Trade Value($):104.18 </br> Share(%):     66.99'}, 'label': 'Uzbekistan', 'parent': 'Turkmenistan 2000 Export Partner Share ', 'value': 104.18}, {'data': {'description': 'Trade Value($):20.12 </br> Share(%):     12.94'}, 'label': 'Afghanistan', 'parent': 'Turkmenistan 2000 Export Partner Share ', 'value': 20.12}, {'data': {'description': 'Trade Value($):17.17 </br> Share(%):     11.04'}, 'label': 'Serbia, FR(Serbia/Montenegro)', 'parent': 'Turkmenistan 2000 Export Partner Share ', 'value': 17.169}, {'data': {'description': 'Trade Value($):8.40 </br> Share(%):      5.40'}, 'label': 'Israel', 'parent': 'Turkmenistan 2000 Export Partner Share ', 'value': 8.4}, {'data': {'description': 'Trade Value($):5.25 </br> Share(%):      3.38'}, 'label': 'Azerbaijan', 'parent': 'Turkmenistan 2000 Export Partner Share ', 'value': 5.25}, {'data': {'description': 'Trade Value($):.39 </br> Share(%):      0.25'}, 'label': 'Others (4) partners', 'parent': 'Turkmenistan 2000 Export Partner Share ', 'value': 0.386}]"
2000,"Raw Hides and Skins, Leather, Furskins, and Articles thereof; Saddlery and Harness; Travel Goods, Handbags, and Similar Containers; Articles of Animal Gut (Other than Silk-worm Gut)","[{'color': '#eecc88', 'label': 'Turkmenistan 2000 Export Partner Share ', 'value': 5472.5689999999995}, {'data': {'description': 'Trade Value($):3,941.42 </br> Share(%):     72.02'}, 'label': 'Turkey', 'parent': 'Turkmenistan 2000 Export Partner Share ', 'value': 3941.415}, {'data': {'description': 'Trade Value($):391.05 </br> Share(%):      7.15'}, 'label': 'Russian Federation', 'parent': 'Turkmenistan 2000 Export Partner Share ', 'value': 391.045}, {'data': {'description': 'Trade Value($):380.35 </br> Share(%):      6.95'}, 'label': 'China', 'parent': 'Turkmenistan 2000 Export Partner Share ', 'value': 380.348}, {'data': {'description': 'Trade Value($):268.29 </br> Share(%):      4.90'}, 'label': 'Finland', 'parent': 'Turkmenistan 2000 Export Partner Share ', 'value': 268.288}, {'data': {'description': 'Trade Value($):179.31 </br> Share(%):      3.28'}, 'label': 'Afghanistan', 'parent': 'Turkmenistan 2000 Export Partner Share ', 'value': 179.312}, {'data': {'description': 'Trade Value($):312.16 </br> Share(%):      5.70'}, 'label': 'Others (8) partners', 'parent': 'Turkmenistan 2000 Export Partner Share ', 'value': 312.161}]"
2000,"Wood and Articles of Wood; Wood Charcoal; Cork and Articles of Cork; Manufactures of Straw, of Esparto or of Other Plaiting Materials; Basketware and Wickerwork","[{'color': '#eecc88', 'label': 'Turkmenistan 2000 Export Partner Share ', 'value': 25.787}, {'data': {'description': 'Trade Value($):23.33 </br> Share(%):     90.48'}, 'label': 'Uzbekistan', 'parent': 'Turkmenistan 2000 Export Partner Share ', 'value': 23.332}, {'data': {'description': 'Trade Value($):1.95 </br> Share(%):      7.56'}, 'label': 'Serbia, FR(Serbia/Montenegro)', 'parent': 'Turkmenistan 2000 Export Partner Share ', 'value': 1.95}, {'data': {'description': 'Trade Value($):.26 </br> Share(%):      0.99'}, 'label': 'Kazakhstan', 'parent': 'Turkmenistan 2000 Export Partner Share ', 'value': 0.255}, {'data': {'description': 'Trade Value($):.25 </br> Share(%):      0.97'}, 'label': 'Germany', 'parent': 'Turkmenistan 2000 Export Partner Share ', 'value': 0.25}]"
2000,Textiles and Textile Articles,"[{'color': '#eecc88', 'label': 'Turkmenistan 2000 Export Partner Share ', 'value': 375653.79900000006}, {'data': {'description': 'Trade Value($):136,206.20 </br> Share(%):     36.26'}, 'label': 'Turkey', 'parent': 'Turkmenistan 2000 Export Partner Share ', 'value': 136206.201}, {'data': {'description': 'Trade Value($):87,054.22 </br> Share(%):     23.17'}, 'label': 'Switzerland', 'parent': 'Turkmenistan 2000 Export Partner Share ', 'value': 87054.216}, {'data': {'description': 'Trade Value($):41,969.40 </br> Share(%):     11.17'}, 'label': 'Iran, Islamic Rep.', 'parent': 'Turkmenistan 2000 Export Partner Share ', 'value': 41969.403}, {'data': {'description': 'Trade Value($):30,828.31 </br> Share(%):      8.21'}, 'label': 'Russian Federation', 'parent': 'Turkmenistan 2000 Export Partner Share ', 'value': 30828.308}, {'data': {'description': 'Trade Value($):18,432.33 </br> Share(%):      4.91'}, 'label': 'United Kingdom', 'parent': 'Turkmenistan 2000 Export Partner Share ', 'value': 18432.329}, {'data': {'description': 'Trade Value($):61,163.34 </br> Share(%):     16.28'}, 'label': 'Others (36) partners', 'parent': 'Turkmenistan 2000 Export Partner Share ', 'value': 61163.342}]"
2000,"Footwear, Headgear, Umbrellas, Sun Umbrellas, Walking-sticks, Seat-sticks, Whips, Riding-crops, and Parts thereof; Prepared Feathers and Articles Made therewith; Artificial Flowers; Articles of Human Hair","[{'color': '#eecc88', 'label': 'Turkmenistan 2000 Export Partner Share ', 'value': None}]"
2000,"Articles of Stone, Plaster, Cement, Asbestos, Mica or Similar Materials; Ceramic Products; Glass and Glassware","[{'color': '#eecc88', 'label': 'Turkmenistan 2000 Export Partner Share ', 'value': 897.0510000000002}, {'data': {'description': 'Trade Value($):566.70 </br> Share(%):     63.17'}, 'label': 'United States', 'parent': 'Turkmenistan 2000 Export Partner Share ', 'value': 566.696}, {'data': {'description': 'Trade Value($):253.91 </br> Share(%):     28.31'}, 'label': 'Afghanistan', 'parent': 'Turkmenistan 2000 Export Partner Share ', 'value': 253.912}, {'data': {'description': 'Trade Value($):32.44 </br> Share(%):      3.62'}, 'label': 'Uzbekistan', 'parent': 'Turkmenistan 2000 Export Partner Share ', 'value': 32.436}, {'data': {'description': 'Trade Value($):18.98 </br> Share(%):      2.12'}, 'label': 'Tajikistan', 'parent': 'Turkmenistan 2000 Export Partner Share ', 'value': 18.984}, {'data': {'description': 'Trade Value($):17.10 </br> Share(%):      1.91'}, 'label': 'United Kingdom', 'parent': 'Turkmenistan 2000 Export Partner Share ', 'value': 17.1}, {'data': {'description': 'Trade Value($):7.92 </br> Share(%):      0.88'}, 'label': 'Others (2) partners', 'parent': 'Turkmenistan 2000 Export Partner Share ', 'value': 7.923}]"
2000,"Natural or Cultured Pearls, Precious or Semi-precious Stones, Precious Metals, Metals Clad with Precious Metal, and Articles thereof; Imitation Jewellery; Coin","[{'color': '#eecc88', 'label': 'Turkmenistan 2000 Export Partner Share ', 'value': 10000.048000000003}, {'data': {'description': 'Trade Value($):5,410.34 </br> Share(%):     54.10'}, 'label': 'Iran, Islamic Rep.', 'parent': 'Turkmenistan 2000 Export Partner Share ', 'value': 5410.337}, {'data': {'description': 'Trade Value($):1,292.03 </br> Share(%):     12.92'}, 'label': 'Uzbekistan', 'parent': 'Turkmenistan 2000 Export Partner Share ', 'value': 1292.026}, {'data': {'description': 'Trade Value($):1,039.44 </br> Share(%):     10.39'}, 'label': 'Azerbaijan', 'parent': 'Turkmenistan 2000 Export Partner Share ', 'value': 1039.444}, {'data': {'description': 'Trade Value($):608.57 </br> Share(%):      6.09'}, 'label': 'Turkey', 'parent': 'Turkmenistan 2000 Export Partner Share ', 'value': 608.566}, {'data': {'description': 'Trade Value($):544.09 </br> Share(%):      5.44'}, 'label': 'Russian Federation', 'parent': 'Turkmenistan 2000 Export Partner Share ', 'value': 544.085}, {'data': {'description': 'Trade Value($):1,105.59 </br> Share(%):     11.06'}, 'label': 'Others (7) partners', 'parent': 'Turkmenistan 2000 Export Partner Share ', 'value': 1105.59}]"
2000,Base Metals and Articles of Base Metal,"[{'color': '#eecc88', 'label': 'Turkmenistan 2000 Export Partner Share ', 'value': 9628.296}, {'data': {'description': 'Trade Value($):5,927.41 </br> Share(%):     61.56'}, 'label': 'Iran, Islamic Rep.', 'parent': 'Turkmenistan 2000 Export Partner Share ', 'value': 5927.408}, {'data': {'description': 'Trade Value($):801.48 </br> Share(%):      8.32'}, 'label': 'Russian Federation', 'parent': 'Turkmenistan 2000 Export Partner Share ', 'value': 801.476}, {'data': {'description': 'Trade Value($):771.39 </br> Share(%):      8.01'}, 'label': 'Azerbaijan', 'parent': 'Turkmenistan 2000 Export Partner Share ', 'value': 771.387}, {'data': {'description': 'Trade Value($):608.59 </br> Share(%):      6.32'}, 'label': 'Turkey', 'parent': 'Turkmenistan 2000 Export Partner Share ', 'value': 608.586}, {'data': {'description': 'Trade Value($):524.07 </br> Share(%):      5.44'}, 'label': 'United Arab Emirates', 'parent': 'Turkmenistan 2000 Export Partner Share ', 'value': 524.074}, {'data': {'description': 'Trade Value($):995.37 </br> Share(%):     10.34'}, 'label': 'Others (9) partners', 'parent': 'Turkmenistan 2000 Export Partner Share ', 'value': 995.365}]"
2000,"Machinery and Mechanical Appliances; Electrical Equipment; Parts thereof; Sound Recorders and Reproducers, Television Image and Sound Recorders and Reproducers, and Parts and Accessories of such Articles","[{'color': '#eecc88', 'label': 'Turkmenistan 2000 Export Partner Share ', 'value': 1271.139}, {'data': {'description': 'Trade Value($):273.51 </br> Share(%):     21.52'}, 'label': 'Russian Federation', 'parent': 'Turkmenistan 2000 Export Partner Share ', 'value': 273.513}, {'data': {'description': 'Trade Value($):245.12 </br> Share(%):     19.28'}, 'label': 'Uzbekistan', 'parent': 'Turkmenistan 2000 Export Partner Share ', 'value': 245.117}, {'data': {'description': 'Trade Value($):225.69 </br> Share(%):     17.75'}, 'label': 'Israel', 'parent': 'Turkmenistan 2000 Export Partner Share ', 'value': 225.687}, {'data': {'description': 'Trade Value($):213.50 </br> Share(%):     16.80'}, 'label': 'Afghanistan', 'parent': 'Turkmenistan 2000 Export Partner Share ', 'value': 213.501}, {'data': {'description': 'Trade Value($):114.29 </br> Share(%):      8.99'}, 'label': 'Germany', 'parent': 'Turkmenistan 2000 Export Partner Share ', 'value': 114.291}, {'data': {'description': 'Trade Value($):199.03 </br> Share(%):     15.66'}, 'label': 'Others (13) partners', 'parent': 'Turkmenistan 2000 Export Partner Share ', 'value': 199.03}]"
2000,"Vehicles, Aircraft, Vessels, and Associated Transport Equipment","[{'color': '#eecc88', 'label': 'Turkmenistan 2000 Export Partner Share ', 'value': 14221.206999999999}, {'data': {'description': 'Trade Value($):10,779.49 </br> Share(%):     75.80'}, 'label': 'Georgia', 'parent': 'Turkmenistan 2000 Export Partner Share ', 'value': 10779.492}, {'data': {'description': 'Trade Value($):3,038.11 </br> Share(%):     21.36'}, 'label': 'United States', 'parent': 'Turkmenistan 2000 Export Partner Share ', 'value': 3038.112}, {'data': {'description': 'Trade Value($):107.59 </br> Share(%):      0.76'}, 'label': 'Russian Federation', 'parent': 'Turkmenistan 2000 Export Partner Share ', 'value': 107.585}, {'data': {'description': 'Trade Value($):66.00 </br> Share(%):      0.46'}, 'label': 'Uzbekistan', 'parent': 'Turkmenistan 2000 Export Partner Share ', 'value': 66}, {'data': {'description': 'Trade Value($):65.00 </br> Share(%):      0.46'}, 'label': 'Azerbaijan', 'parent': 'Turkmenistan 2000 Export Partner Share ', 'value': 65}, {'data': {'description': 'Trade Value($):165.02 </br> Share(%):      1.16'}, 'label': 'Others (9) partners', 'parent': 'Turkmenistan 2000 Export Partner Share ', 'value': 165.018}]"
2000,"Optical, Photographic, Cinematographic, Measuring, Checking, Precision, Medical or Surgical Instruments and Apparatus; Clocks and Watches; Musical Instruments; Parts and Accessories thereof","[{'color': '#eecc88', 'label': 'Turkmenistan 2000 Export Partner Share ', 'value': 172426.231}, {'data': {'description': 'Trade Value($):92,530.87 </br> Share(%):     53.66'}, 'label': 'Turkey', 'parent': 'Turkmenistan 2000 Export Partner Share ', 'value': 92530.872}, {'data': {'description': 'Trade Value($):26,606.43 </br> Share(%):     15.43'}, 'label': 'Russian Federation', 'parent': 'Turkmenistan 2000 Export Partner Share ', 'value': 26606.429}, {'data': {'description': 'Trade Value($):14,793.10 </br> Share(%):      8.58'}, 'label': 'Iran, Islamic Rep.', 'parent': 'Turkmenistan 2000 Export Partner Share ', 'value': 14793.095}, {'data': {'description': 'Trade Value($):10,835.53 </br> Share(%):      6.28'}, 'label': 'Georgia', 'parent': 'Turkmenistan 2000 Export Partner Share ', 'value': 10835.526}, {'data': {'description': 'Trade Value($):7,932.85 </br> Share(%):      4.60'}, 'label': 'United States', 'parent': 'Turkmenistan 2000 Export Partner Share ', 'value': 7932.849}, {'data': {'description': 'Trade Value($):19,727.46 </br> Share(%):     11.44'}, 'label': 'Others (33) partners', 'parent': 'Turkmenistan 2000 Export Partner Share ', 'value': 19727.46}]"
2000,Miscellaneous Manufactured Articles,"[{'color': '#eecc88', 'label': 'Turkmenistan 2000 Export Partner Share ', 'value': 38529.544}, {'data': {'description': 'Trade Value($):38,029.96 </br> Share(%):     98.70'}, 'label': 'Unspecified', 'parent': 'Turkmenistan 2000 Export Partner Share ', 'value': 38029.961}, {'data': {'description': 'Trade Value($):156.19 </br> Share(%):      0.41'}, 'label': 'France', 'parent': 'Turkmenistan 2000 Export Partner Share ', 'value': 156.193}, {'data': {'description': 'Trade Value($):115.78 </br> Share(%):      0.30'}, 'label': 'Serbia, FR(Serbia/Montenegro)', 'parent': 'Turkmenistan 2000 Export Partner Share ', 'value': 115.779}, {'data': {'description': 'Trade Value($):83.50 </br> Share(%):      0.22'}, 'label': 'Uzbekistan', 'parent': 'Turkmenistan 2000 Export Partner Share ', 'value': 83.5}, {'data': {'description': 'Trade Value($):79.06 </br> Share(%):      0.21'}, 'label': 'United Kingdom', 'parent': 'Turkmenistan 2000 Export Partner Share ', 'value': 79.058}, {'data': {'description': 'Trade Value($):65.05 </br> Share(%):      0.17'}, 'label': 'Others (7) partners', 'parent': 'Turkmenistan 2000 Export Partner Share ', 'value': 65.053}]"
